ExplosionS,2696537583
ExplosionM,2696537573
ExplosionL,2696537572
ObjectShot,2886867926
ObjectShotDummy,1845665652
ObjectDeath,2248289404
ObjectFallDown,3533054319
StalactiteAttack,2558075306
NeedleStrike,503385462
LaserSwitch,2338183871
Wind,1251526519
HelicopterGatling,1681263104
HelicopterMissile,1875844689
DarkerHeliGatling,#NUM!
DarkerHeliMissile,1212050912
EmplacementShot,1852253343
ChargeEmplacementShot,3664096909
ChargeEmplacementExploLv1,#NUM!
ChargeEmplacementExploLv2,#NUM!
ChargeEmplacementExploFull,2822784832
HookEmplacementShot,1358461404
_SuperChargeEmplacementShot,3339644659
EmplacementCannonExplosion,2414748436
EmplacementCannonExplosionRd,1913897098
EmplacementCaptureExplosion,791327364
SuperChargeEmplacementShot,3551318623
UpperBomA,2460168075
UpperBomAUS,3643936161
UpperBomSC,4178510526
UpperBomT,2460168092
UpperTrapCIC1,949436253
UpperTrapCIC2,949436252
UpperTrapCIC3,949436255
UpperTrapCIC4,949436254
UpperTrapCIC5,949436241
UpperBomS,2460168093
UpperBomC8,4178511513
UpperBomC7,4178511518
UpperBomC6,4178511519
UpperBomC5,4178511516
UpperBomC4,4178511517
UpperBomC3,4178511490
UpperBomC2,4178511491
UpperBomC1,4178511488
UpperBom,1957338689
PoisonTrapA,3727926333
PoisonTrapDot,1233781894
PoisonTrapSC,3164521136
PoisonTrapC,3727926335
TacticsTrapT,171527292
PoisonTrapCIC1,1520648825
PoisonTrapCIC2,1520648824
PoisonTrapCIC3,1520648827
PoisonTrapCIC4,1520648826
PoisonTrapCIC5,1520648829
PoisonTrapS,3727926287
PoisonTrapC7,3164526208
PoisonTrapC6,3164526209
PoisonTrapC5,3164526210
PoisonTrapC4,3164526211
PoisonTrapC3,3164526212
PoisonTrapC2,3164526213
PoisonTrapC1,3164526214
PoisonTrap,345849961
HealingPodFull,633660526
HealingPod,458852839
EnebombHold,2954076783
EnebombDrain,2146703298
EnebombRain,2963416849
EnebombPoison,1510559169
DragonDamageZoneA,2680445203
BlazingColumA,2917473432
BlazingColumLoopA,1177445020
DragonDamageZone,3999215758
BlazingColum,2768608898
BlazingColumLoop,1434379602
BurnBubbleA,974989102
BurnBubble,3232833808
FreezeBubbleA,1923893592
FreezeBubble,3942832514
ShockBubbleA,3183832884
ShockBubble,#NUM!
PoisonBubbleA,781793113
PoisonBubble,4160021635
HealBubble,496609249
LightningStrikeA,1327495454
LightningStrike,3813996831
DarkerLightningStrikeA,3828389037
DarkerLightningStrike,1204769244
ThunderboltDragonA,3107198209
ThunderboltDragon,138715043
FirewallA,2955526280
Firewall,2839775149
MineAttack,22657585
MineAttack_Diff,1345030008
WaveLaser,2939688058
WaveLaserDarker,307037759
Darumagun,4155532771
IsrandSparkAttack,1197997804
ZondeAttackA,2370429206
ZondeAttack,194447024
EnemyGeneratorParent,260416407
EnemyGenerator,1821182933
FortCrystalShot,3982880842
FortCrystalLaser,224060513
FortCrystalBombA,2366541414
FortCrystalBombShot,2220328175
FortCrystalBomb,3929654655
DamageSpaceAttackA,1560426686
DamageSpaceAttackB,1560426687
DamageSpaceAttackC,1560426656
DamageSpaceAttackD,1560426657
DamageFenceTargetPlayer,2891099737
DamageFenceTargetEnemy,3402946239
BurningRubbleInside,3426676084
SlimeTowerExplosion,1289699616
DarkerWallReject,2193580336
DQBaseAutoDamage,2553506831
PandemicPhase1,1128222685
PandemicPhase2,1128222686
PandemicPhase3,1128222687
PandemicPhase4,1128222680
PandemicBom,3704928328
PandemicBomUser,963552899
_DQBaseBom,1133098552
DQBaseBom,3737322873
DarkerBombWave,2256036381
ErosionTowerLaser,1476978281
CastleTownSmokeAttack,2500440622
CastleTownSmokeHeal,2855917643
PirateShipCannonLaser,1895210327
PirateShipCannonBomb,2098175545
WarkerBitIIExplosion,800983472
ThunderRingPoleHit,1770858720
ThunderRingWallHit,3221206277
ThunderRingArksHit,4194549189
ThunderRingAppear,4105015176
EnergyRingHPHeal,645891880
EnergyRingHPPPHeal,#NUM!
DppEnergyRingHPHeal,1800525211
DppEnergyRingHPPPHeal,4109077917
CommonNormalBomb1,4027169693
CommonNormalBomb2,4027169692
CommonCondPanic_p,1061218397
CommonCondFreeze_p,3257113936
CommonCondShock_p,3512353370
CommonCondPoison_p,2344282236
CommonBurnBomb_p,1988403187
CommonCondPanic,2975916326
CommonCondFreeze,2413981974
CommonCondShock,3146240796
CommonCondPoison,4038008088
CommonBurnBomb,4069411347
AlertZoneDamage,3604558741
FortCrystalShot2,3731421239
SatShot1,224805109
SatStun,769418393
SatHealHit,2394454351
SatHealPlayer,570242633
SatHealArksBatteringRam,4244585922
_SCERShot,2676260123
SCERShot,3550159852
AtkTowerBullet,2975942351
_AtkTowerAreaFreeze,396605053
AtkTowerAreaFreeze,2816332753
ErosionBatteryLaser,2386300327
BasnetPandemicPhase1,1578143737
BasnetPandemicPhase2,1578143718
BasnetPandemicPhase3,1578143719
BasnetPandemicPhase4,1578143716
BasnetPandemicBom,1530974345
BasnetPandemicBomUser,2012320562
DarkGatePPDamage,439921681
DarkGateResistDown,3757487791
DarkGateInjury5,3935937768
DarkGateInjury5_PP,3290904145
DarkGateInjury5_Resist,3451898234
DarkGatePanic3,282841304
DarkGatePanic3_PP,2087969327
DarkGatePanic3_Resist,276548703
DarkGateFreeze3,3865818735
DarkGateFreeze3_PP,252922000
DarkGateFreeze3_Resist,517626929
DarkGatePPDamage_Resist,3283247547
DarkGatePPDamage_Resist_Injury,1187369769
DarkGatePPDamage_Resist_Panic,#NUM!
DarkGatePPDamage_Resist_Freeze,3967222487
DarkGateDamage,1424123091
DarkGateParticle,1836871684
DarkGateSkillType01,1785771156
DarkGateSkillType02,1785771157
DarkGateSkillType03,1785771162
_Basnet_BB,801482107
Basnet_BB,1364672240
BusterMissile,4082449278
AirshipTama,2988289089
AirshipMissile,1508133496
MuscleFenceReject,170076960
MinigameSpeedUp,2817655361
MiniGameMovingBomb,2735945226
TrialCometDamagePlayer,3825859977
TrialCometDamageEnemyOver5,840855071
TrialCometDamageEnemyUnder5,1109446421
TrialDefenceTurretBullet,3633050280
TrialFortGimmickDamageEnemy,3870316403
TrialFortGimmickHeal,1022444475
TrialFortGimmickHealHitParticle,738782020
ob_9990_0035:bigLaser,44964979
ob_9990_0035:LaserBomA,1236593826
ob_9990_0035:MineExplosion,3600461317
ob_9990_0035:HomingLaser,3643992159
ob_9990_0035:ElectricShock,200907196
ob_9990_0068_Laser,1313812053
Sword:AttackBase5C_Vibration,1174176387
Sword:AttackBase1_a,1257761386
Sword:AttackBase2_a,1257250685
Sword:AttackBase3_a,1257295628
Sword:AttackBase4_a,1257765855
Sword:AttackBase5_a,1257254766
Sword:AttackBase5C_a,638559058
Sword:AttackBase1_b,1257761385
Sword:AttackBase2_b,1257250684
Sword:AttackBase3_b,1257295629
Sword:AttackBase4_b,1257765854
Sword:AttackBase5_b,1257254767
Sword:AttackBase5C_b,638559069
Sword:AttackBase1,2284084550
Sword:AttackBase2,2284084545
Sword:AttackBase3,2284084544
Sword:AttackBase4,2284084547
Sword:AttackBase5,2284084546
Sword:AttackBase5C,1098103950
Sword:AttackBaseA1_a,668534707
Sword:AttackBaseA2_a,667011007
Sword:AttackBaseA3_a,667022542
Sword:AttackBaseA4_a,667002781
Sword:AttackBaseA5_a,667014188
Sword:AttackBaseA1_b,668534706
Sword:AttackBaseA2_b,667011006
Sword:AttackBaseA3_b,667022543
Sword:AttackBaseA4_b,667002780
Sword:AttackBaseA5_b,667014189
Sword:AttackBaseA1,1098103785
Sword:AttackBaseA2,1098103702
Sword:AttackBaseA3,1098103703
Sword:AttackBaseA4,1098103700
Sword:AttackBaseA5,1098103701
Sword:StepAttack_a,1336173446
Sword:StepCounterAttack_a,2975208454
Sword:StepAttack_b,1336173441
Sword:StepCounterAttack_b,2975208455
Sword:StepAttack,3295511374
Sword:StepCounterAttack,3448407477
Sword:JustGuard_Vibration,3961871764
Sword:JustGuard_a,3074838728
Sword:JustGuard_b,3074838729
Sword:JustGuard,3495090944
Sword:SuperDashAttack_dmg,3461003380
Sword:SuperDashAttack_pb,2521909172
Sword:SuperDashAttack,1123110607
Sword:GrideAttack_dmg,396541900
Sword:GrideAttack_pb,1318948065
Sword:GrideAttack,3506132593
Sword:GrideAttackStrong_dmg,2787401068
Sword:GrideAttackStrong_AddAllReactionValue,260903323
Sword:GrideAttackStrong_SyncRegion,4111021422
Sword:GrideAttackStrong_pb,3108743353
Sword:GrideAttackStrong,2711282857
Sword:PA1A,1224723795
Sword:PA1Af,3096776544
Sword:PA1Ac,3096776547
Sword:PA1B,1224723794
Sword:PA1Bf,3096775841
Sword:PA1Bc,3096775842
Sword:PA1,3813835963
Sword:PA1f,1224724150
Sword:PA1c,1224724145
Sword:PA1Cc,3096775905
Sword:PA1Cb,3096775934
Sword:PA1CC,3096775873
Sword:PA2A,1224723730
Sword:PA2Af,3096804593
Sword:PA2Acf,1227450665
Sword:PA2B,1224723731
Sword:PA2Bf,3096805168
Sword:PA2Bcf,1227479448
Sword:PA2,3813835962
Sword:PA2f,1224723831
Sword:PA2cf,3096773643
Sword:PA3_1_A,2998715874
Sword:PA3_2_A,2998680689
Sword:PA3_3_A,2998676608
Sword:PA3C_1_A,880798250
Sword:PA3C_2_A,880605369
Sword:PA3C_3_A,880592904
Sword:PA3_1_pb,3366245804
Sword:PA3_2_pb,3410595299
Sword:PA3_3_pb,3410861366
Sword:PA3C_1_pb,4281202946
Sword:PA3C_2_pb,4276630117
Sword:PA3C_3_pb,4277406248
Sword:PA3_1,3096801734
Sword:PA3_2,3096801733
Sword:PA3_3,3096801732
Sword:PA3C_1,1228767758
Sword:PA3C_2,1228767757
Sword:PA3C_3,1228767756
Sword:PA4Ac1,1228331262
Sword:PhotonBlast_mis_Vibration,1653089430
Sword:PhotonBlast,1504882462
Sword:PhotonBlast_finish,1417686507
Sword:PhotonBlast_f_add,1816747788
Sword:PhotonBlast_mis,1103397730
Sword:HitStopActionOrder,3255651678
Sword:AvengeAttackSwitch_a,1158583033
HunterParryingPaParticle,7149790
HunterCounterBoostBuff,3839739259
HunterJustGuardDownBoostBuff,765706034
HunterStepCounterPPRestraintBuff,674170419
HunterParryingCriticalBuff,2185820662
HunterWarCryHateControlA,3144843899
HunterWarCryHateControlO,3144843853
HunterWarCryHateControl,2443233902
HunterWarCryShot,355957728
HunterWarCryBuff,449188704
HunterWarCry,2396049229
HunterFlashGuardOnPABuff,2067154680
HunterFlashGuardOnPABuffRemove,2164453820
IronWillEffect,3041278790
HunterMassiveHunterBuff,377317073
HunterMassiveHunter,3908571438
HunterWarBraveBuff,3776617340
Debug:AddPassiveHPUp1,1274281086
Debug:AddPassiveDexUp2,409485085
Debug:AddPassivePPUp3,4088879030
Debug:AddPassiveHPUp1_03,3839928130
Debug:AddPassiveDexUp2_05,206682179
Debug:AddPassivePPUp3_10,470664943
Debug:HunterDFUp1_04,2912508876
Debug:RangerDFUp1_01,753543835
Debug:ForceATUp1_08,2381723466
Debug:AddPassiveHunterFlashGuardOnPA,1266077073
Debug:AddPassiveHunterNearEnemyBlastBonus,1283880403
Debug:AddPassiveHunterAttackDownStrike,1387565113
Debug:AddPassiveHunterWeakHitAdvance,3376274880
Common:BoostAttackMark,633255401
Common:BoostAttack,152427640
DashAttackShortRange_dmg,2929974831
DashAttackShortRange_pb,794801980
DashAttackShortRange,2883345537
DashAttackShortRangeBlow_dmg,1106227585
DashAttackShortRangeBlow_pb,382527391
DashAttackShortRangeBlow,2942887983
DashAttackLongRange_dmg,3118040674
DashAttackLongRange_pb,2014729750
DashAttackLongRange,2507026484
GlideAttack_dmg,1593660298
GlideAttack_pb,3472372902
GlideAttack,2494678296
GlideAttackStrong_dmg,3004640547
GlideAttackStrong_AddAllReactionValue,2890868680
GlideAttackStrong_SyncRegion,300901886
GlideAttackStrong,17238449
HealTankProc,1333158978
HealTankFlag,1314870569
HealTankDelay,900210852
HealTank,3652849786
RestaShotProc,1742413206
RestaShot,2999458661
RecoveryBoostParticle,1731589804
RecoveryMoonAtomizerProc,623818952
RecoveryMoonAtomizerExecInRange,3784986365
RecoveryMoonAtomizerDelay,611017068
RecoveryMoonAtomizerParticle,2685343173
RecoveryMoonAtomizer,768927150
SnatchStepA,3943870236
SnatchStepB,3943870237
SnatchStep,1412425554
RemoveStepCounterBuff,1317302088
GlideAttackStrong_Vibration,1135195910
CommonShotExplosion_Vibration,2364226714
StrikeAdd,3497809516
StrikeLurch,1612949165
StrikeBlowOut,2041134748
StrikeBlowUp,57594231
FirearmLurch,2167584472
FirearmBlowOut,4044407712
FirearmBlowUp,3645853840
TechnicAdd,2998695088
TechnicLurch,1018676317
TechnicBlowOut,3502229876
TechnicBlowUp,13120282
99per,509320293
95per,503859170
90per,504203445
50per,357338763
10per,381530120
1per,1230508600
0_1per,1350428478
0_01per,4188827440
Kill,1241943894
BlowOut,2164805818
HoldMissShot,1107498562
Poison1,1739789695
Poison2,1739789694
Poison3,1739789665
Poison4,1739789664
Poison5,1739789667
Burn1A,2505928570
Burn2A,2505928505
Burn3A,2505928696
Burn4A,2505928584
Burn5A,2505927753
Shock,1884179208
ShockDown,116111331
IsHitNullSkill,1144830185
LavaBurn,3651164776
StunCommonBegin,2104140608
StunCommonEnd,2744563443
StunRemove,3389469237
PlayerStunRemove,3714147688
Refresh,823566793
Resurrect,3637849124
RestartTraining,870687754
HealStory,1053857485
HealParticle,2947306781
HealConditionParticle,2609674055
WillParticle,3461338720
KillCommon,2602238849
TitleBuff1,3343441799
TitleDebuff1,3011098231
TitleBuff2,3343441792
TitleBuff3,3343441793
TitleDebuff3,3011098225
TitleBuff4,3343441794
TitleBuff5,3343441795
IgnoreFreeze,1362322102
IgnoreShock,1112334395
NoSyncTargetEffect,276438658
RotateTargetAny,3657187070
AntiTitleBuff1,3073552359
AntiTitleBuff2,3073552352
AntiTitleBuff3,3073552353
AntiTitleBuff4,3073552354
AntiIgnoreFreeze,134089449
AntiIgnoreShock,2724247788
AntiNoSyncTargetEffect,691365297
AntiRotateTargetAny,2297982490
Lobby,2036196745
ServerOnly,23820433
DebugAndLobby,744213255
PublicChairMotionB,310639015
RemovePublicChairMotionB,1125201193
DamageDrain,2608912395
InterruptSkillFilter,1274767925
DecreaseHpDamage,1281205888
DashPanel:Kick1n,85301614
DashPanel:Kick2n,85302964
DashPanel:Kick3n,85303029
DashPanel:Kick1p,85301612
DashPanel:Kick2p,85302966
DashPanel:Kick3p,85303031
DashPanel:Kick1,1586927547
DashPanel:Kick2,1586927524
DashPanel:Kick3,1586927525
Debug,3227611966
Debug:SpeedUp,850738367
Debug:Pp,1420050170
Debug:PpRegenerationStop,2292537542
Debug:Invincible,753498482
Debug:LocomotorFree,1507480230
Debug:UnlockPA,2596427893
Debug:InputMacro,2066829030
Debug:ResistDownFire,188333449
Debug:ResistDownIce,2399386104
Debug:ResistDownThunder,347829550
Debug:ResistDownWind,233663606
Debug:ResistDownDark,230487145
Debug:ResistDownLight,368247597
Debug:Critical,2263264777
Debug:PowerUp,2787797422
Debug:AddFire,4136580364
Debug:AddIce,1932172637
Debug:AddThunder,4257561523
Debug:AddWind,3695425763
Debug:AddDark,4143318443
Debug:AddLight,#NUM!
Debug:Boost1,344880263
Debug:Boost2,344880256
Debug:Boost3,344880257
Debug:InvalidBadCondition,3734979035
Debug:InvalidObstacleCondition,3792539999
Debug:PaCustomize,2751354817
Debug:Undead,3426477475
Debug:IgnoreDamageCap,2947109311
Debug:RotateTarget,74374685
Debug:ExpZero,3044749
Debug:SpeedUpRemove,3129777930
Debug:PpRemove,3494778856
Debug:PpRegenerationStopRemove,2346872958
Debug:InvincibleRemove,3854208300
Debug:LocomotorFreeRemove,1776208485
Debug:UnlockPARemove,719696435
Debug:InputMacroRemove,177857048
Debug:ExperienceRemove,#NUM!
Debug:ResistDownFireRemove,4078300857
Debug:ResistDownIceRemove,2510399831
Debug:ResistDownThunderRemove,107892121
Debug:ResistDownWindRemove,3147803469
Debug:ResistDownDarkRemove,1115122493
Debug:ResistDownLightRemove,1644185868
Debug:CriticalRemove,4003305726
Debug:PowerUpRemove,4210210900
Debug:AddFireRemove,1661063186
Debug:AddIceRemove,834700928
Debug:AddThunderRemove,783688786
Debug:AddWindRemove,#NUM!
Debug:AddDarkRemove,2970332656
Debug:AddLightRemove,509533896
Debug:PaCustomizeRemove,1682308917
Debug:UndeadRemove,3956230480
Debug:IgnoreDamageCapRemove,2449309460
Debug:RotateTargetRemove,2868654000
Debug:ExpZeroRemove,605959908
Debug:Boost_Normal_Remove,3248507448
HealDebug,1286078335
GM:EnableLobby,4132083435
GM:SpeedUp,41157109
HarvestPpHealEffect,865249296
FastTravelStartParticle,1633119092
FastTravelEndParticle,1404820763
FastTravelLiteParticle,2166860959
FastTravelConditionDelete,571129760
FastTravelLiteConditionDelete,188437783
FastTravelConditionDeleteAll,602924661
FastTravelLiteConditionDeleteAll,436335669
FastTravelStart,3940116596
FastTravelEnd,4229382715
FastTravelEnd2,521837314
FastTravelLiteStart,2933154971
FastTravelLiteEnd,1578209074
FastTravelLiteEnd2,1678648581
FastTravelStartAlphaDelay,3270012156
FastTravelEndAlphaDelay,3095515863
FastTravelConditionDeleteAllDelay,166031495
FastTravelLiteConditionDeleteAllDelay,391790877
ResetReactionValue:PlBadCond:Burn,4017781532
ResetReactionValue:PlBadCond:Freeze,1166220773
ResetReactionValue:PlBadCond:Shock,539916776
ResetReactionValue:PlBadCond:Mirage,3640404656
ResetReactionValue:PlBadCond:Panic,1924903472
ResetReactionValue:PlBadCond:Poison,17176627
ResetReactionValue:PlBadCond:Stun,4023933325
ResetReactionValue:PlBadCond:Injury,3536561520
EnableAutoColCheck,2259614847
DisableAutoColCheck,2420597765
non_dro_b:Assault,4057872215
non_dro_b:RestaProc,3404612555
non_dro_b:RestaDelay,3923695852
non_dro_b:Resta,3459141628
non_dro_b:ShiftaDebandProc,2488759767
non_dro_b:ShiftaDebandLevel,3146632469
non_dro_b:ShiftaDebandDelay,1074939255
non_dro_b:ShiftaDeband,1234613310
DSaber:GA1B,1116563614
DSaber:GA2B,1116564054
DSaber:GA3B,1116563991
DSaber:GA1A,1116563601
DSaber:GA2A,1116564055
DSaber:GA3A,1116563990
DSaber:GA1Kamaitachi,1086290751
DSaber:GA2Kamaitachi,1038311832
DSaber:GA3Kamaitachi,4250684261
DSaber:GA1,4286540470
DSaber:GA2,4286540465
DSaber:GA3,4286540464
DSaber:EnhanceB,2364669386
DSaber:EnhanceA,2364669387
DSaber:Enhance,62925121
DSaber:WACounterNAB_v,3894516306
DSaber:WACounterWAB_v,4106742401
DSaber:WACounterNAB,1886410885
DSaber:WACounterWAB,1886397454
DSaber:WACounterNAA,1886410884
DSaber:WACounterWAA,1886397455
DSaber:WACounterNAKamaitachi,3218169045
DSaber:WACounterWAKamaitachi,1787515210
DSaber:WACounterNA,3807293256
DSaber:WACounterWA,3807292817
DSaber:WeaponGuardSuccess,3855494142
DSaber:WeaponGuardSuccessRemove,1787659217
DSaber:WAEnhance1B_v,2797503097
DSaber:WAEnhance2B_v,2795637804
DSaber:WAEnhance1B,3006695104
DSaber:WAEnhance2B,3006695169
DSaber:WAEnhance1A,3006695105
DSaber:WAEnhance2A,3006695168
DSaber:WAEnhance1,268694521
DSaber:WAEnhance2,268694520
DSaber:SA1B,1166677585
DSaber:SC1B,1166734899
DSaber:SA1A,1166677586
DSaber:SC1A,1166734896
DSaber:SA1Kamaitachi,1840809004
DSaber:SC1Kamaitachi,3415183518
DSaber:SA1,4285764751
DSaber:SC1,4285764621
DSaber:SuperDashAttack_Damage,1016951039
DSaber:SuperDashAttack_PP,1725282310
DSaber:SuperDashAttack,2837499168
DSaber:GrideAttack_Damage,1711691215
DSaber:GrideAttack_pb,1462700709
DSaber:GrideAttack,4153365829
DSaber:GrideAttackStrong_Damage,195121900
DSaber:GrideAttackStrong_AddAllReactionValue,1345231632
DSaber:GrideAttackStrong_SyncRegion,1957122021
DSaber:GrideAttackStrong_pb,2142578926
DSaber:GrideAttackStrong,4026040806
DSaber:Tornado1A,2620269130
DSaber:Tornado2A,2620268940
DSaber:Tornado1NormalA,435326887
DSaber:Tornado2NormalA,4237987980
DSaber:Tornado1Kamaitachi,1037449185
DSaber:Tornado2Kamaitachi,2643388973
DSaber:Tornado1NormalKamaitachi,4054839055
DSaber:Tornado2NormalKamaitachi,224187002
DSaber:Tornado1DS,1290122778
DSaber:Tornado2DS,1290094496
DSaber:Tornado1Normal,4098475390
DSaber:Tornado2Normal,3184436295
DSaber:Tornado1IfWeapon,2484858447
DSaber:Tornado2IfWeapon,3522138706
DSaber:Tornado1,1826489519
DSaber:Tornado2,1826489512
DSaber:PA1AB,1138814505
DSaber:PA1BB,1138814954
DSaber:PA1CB,1138814891
DSaber:PA1DB,1138811243
DSaber:PA1FinishB,2043701401
DSaber:PA1AA,1138814510
DSaber:PA1BA,1138814957
DSaber:PA1CA,1138814892
DSaber:PA1DA,1138811242
DSaber:PA1FinishA,2043701406
DSaber:PA1AAKamaitachi,2445816194
DSaber:PA1BAKamaitachi,1194257358
DSaber:PA1CAKamaitachi,331769555
DSaber:PA1DAKamaitachi,2240640484
DSaber:PA1FinishAKamaitachi,2318148943
DSaber:PA1A,1163704005
DSaber:PA1B,1163704006
DSaber:PA1C,1163704007
DSaber:PA1D,1163704000
DSaber:PA1Finish,4204375941
DSaber:PA2AB,1139233528
DSaber:PA2BB,1139233465
DSaber:PA2AA,1139233529
DSaber:PA2BA,1139233464
DSaber:PA2AAKamaitachi,1354517022
DSaber:PA2BAKamaitachi,718195196
DSaber:PA2A,1163703555
DSaber:PA2B,1163703554
DSaber:PA3AB,1139229321
DSaber:PA3BB,1139232072
DSaber:PA3CB,1139229195
DSaber:PA3DB,1139229386
DSaber:PA3AA,1139229320
DSaber:PA3BA,1139232073
DSaber:PA3CA,1139229194
DSaber:PA3DA,1139229387
DSaber:PA3AAKamaitachi,1954768323
DSaber:PA3BAKamaitachi,2764218234
DSaber:PA3CAKamaitachi,3010587055
DSaber:PA3DAKamaitachi,288815700
DSaber:PA3A,1163703618
DSaber:PA3B,1163703619
DSaber:PA3C,1163703616
DSaber:PA3D,1163703617
DSaber:PBAKamaitachi_v,677913802
DSaber:PBBKamaitachi_v,1411502036
DSaber:PBAKamaitachi,2850451294
DSaber:PBBKamaitachi,3572133010
DSaber:PBCKamaitachi,1202867133
DSaber:PBDKamaitachi,1059943111
DSaber:PBA,4285555791
DSaber:PBB,4285555784
DSaber:PBC,4285555785
DSaber:PBD,4285555786
DSaber:PA4BB,1138799323
DSaber:PA4AB,1138799130
elm_LegacyVanishRefine_RemoveA,2234822434
elm_LegacyVanishRefine_RemoveB,2234822435
elm_LegacyVanishRefine_Buff,1566354569
elm_LegacyVanishRefine_Recast,2841106152
elm_LegacyVanishRefine_Waiting,1591967197
elm_LegacyVanishRefine_Exp,922642309
Squash,2569883940
SelfStun,1095822158
RunAway,621676751
DeadDelay,484070590
EscapeDelay,349976182
DeadDelayEnd,395941763
EscapeDelayEnd,710840583
RegenerateRegion,4268915629
RegenerateRegionSyncSingle,1866777796
RegionRegenerateSingle,3739156052
RegionKill,3513681342
KickVeriPAtk,925814091
KickVeriPPP,2116879266
KickVeriP,3378243057
HealVeriP,2560523920
EnemyRoleTarget,1349322187
AddEnemyDash2Enable,2864125211
Common:DisableBlowOutDead,4053398392
Common:AngerRequest1,4080268527
Common:AngerRequest2,4080268526
Common:AngerRequest3,4080268433
Common:AsyncAppeared,1140611361
RemoveEnemyDash2Enable,456841887
Common:RemoveDisableBlowOutDead,3771848524
RemoveCommonFixAppearAction1,2081866413
RemoveCommonFixAppearAction2,2081866410
RemoveCommonFixAppearAction3,2081866411
RemoveCommonFixAppearAction4,2081866408
RemoveCommonFixAppearAction5,2081866409
RemoveCommonFixArtillery1,3619412677
RemoveCommonFixArtillery2,3619412674
RemoveCommonFixArtillery3,3619412675
RemoveCommonFixArtillery4,3619412672
RemoveCommonFixArtillery5,3619412673
RemoveCommonFixArtilleryEndlessAttack,3665241832
RemoveCommonFixArtilleryEndlessAttack5m,2852199350
EnemyCommon:Kill,127263245
EnemyCommon:LaserSight,3929597406
PutObjTest,2951225130
RegionKill_AttachParts_Lilipa1,1069909393
RegionKill_AttachParts_Lilipa2,1069909392
RegionKill_AttachParts_Lilipa3,1069909399
RegionKillBoost1,1867411736
RegionKillBoost2,1867411737
RegionKillBoost3,1867411738
RegionKillBoost4,1867411739
RegionKillBoost5,1867411740
BoostBreakDamage,3065872270
RemoveBoostEnemy,3175012911
RemoveBoost1,3348398339
RemoveBoost2,3348398348
RemoveBoost3,3348398349
RemoveBoost4,3348398350
RemoveBoost5,3348398351
Common:RemoveAngerRequest1,971128289
Common:RemoveAngerRequest2,971128288
Common:RemoveAngerRequest3,971128295
Common:RemoveEnemyHA,50799739
Common:RemoveFixPositionFindTarget,887947667
Common:RemoveFixPositionRefugeWait,3353269143
AAADebug:AddBoostController,1789121769
AAADebug:AddRareG,2078754834
AAADebug:AddRareS,2078754846
AAADebug:AddFormidableEnemy,1589341094
AddBoost1Break,1813980140
AddBoost2Break,519882034
AddBoost3Break,3509441249
AddBoost4Break,2570832892
AddBoost5Break,1026717592
Common:AddEnemyHA,2948716522
Common:AddFixPositionFindTarget,2724210880
Common:AddFixPositionRefugeWait,1324042542
DebugEnemyHateAdd,2746436998
DbgEnemyHPViewPriorityHigh,2034524671
DbgEnemyHPViewPriorityMid,1967171238
DbgEnemyHPViewPriorityLow,1967338094
Common:ForceRefugeHateReset,405290811
Common:ForceRefugeLostSight,1381007912
Common:AddGoodTime,4235835951
Common:AddGoodTimeAtkBuff,1525857618
Common:RemoveGoodTime,39256379
Common:RemoveGoodTimeAtkBuff,2153415021
Common:AddGoodWeather,1711497119
Common:AddGoodWeatherAtkBuff,2817285714
Common:AddGoodWeatherDefBuff,1001808987
Common:RemoveGoodWeather,3137305742
Common:RemoveGoodWeatherAtkBuff,679363901
Common:RemoveGoodWeatherDefBuff,1773791291
AAADebugEnemyShotBullet,2824349829
AAADebugEnemyShotLBeam,3135376423
TutorialEnemy:UseAttackDisable,690828875
TutorialEnemy:RemoveNodamage,1772049136
TutorialEnemy:UseAttackEnable,56083033
TutorialEnemy:DebugTutorialEnd,2631528208
Common:AnimalDamageEscapeState,2747727572
Common:AnimalDamageEscapeBegin,2441512363
Common:AnimalDamageEscape_6sec,2809935599
Common:AnimalDamageEscape_9sec,2808625136
Common:AnimalDamageEscape_11sec,1361358759
Common:AddRebootDefenseEnemyRunAwayMode,2840136414
Common:AddRebootDefenseEnemyBomAttack,3270061292
Common:AntiRebootDefenseEnemyRunAwayMode,4052622443
Common:AntiRebootDefenseEnemyBomAttack,2715677304
Common:CommanderSystem:RecieverBreakDamage,2396250638
Debug:WeakElmFire,4047120193
Debug:WeakElmIce,1404940497
Debug:WeakElmThunder,3889375979
Debug:WeakElmWind,3457418872
Debug:WeakElmDark,3224497110
Debug:WeakElmLight,3554541219
Debug:WeakElmFireRemove,1171937635
Debug:WeakElmIceRemove,3729660574
Debug:WeakElmThunderRemove,3390473507
Debug:WeakElmWindRemove,3999339870
Debug:WeakElmDarkRemove,3349545682
Debug:WeakElmLightRemove,3262901126
AddCommon:EnemyNoHitStop,2101281374
RemoveCommon:EnemyNoHitStop,3662255244
r01_nat_bea_ba:TurnPunch,1356511689
r01_nat_bea_ba:PunchA,3702327648
r01_nat_bea_ba:Punch21,3691517302
r01_nat_bea_ba:Punch22A,188140002
r01_nat_bea_ba:Punch23,3691517300
r01_nat_bea_ba:PressA,3716562665
r01_nat_bea_ba:GroundAttack,3639138789
r01_nat_bea_ba:StoneAttack,3073259246
r01_nat_bea_ba:PressImpact,779900153
r01_nat_bea_ba:SleepPunch,880156835
r01_nat_bea_ba:Punch,2008793463
r01_nat_bea_ba:Punch22,3691517301
r01_nat_bea_ba:Press,2008572716
r01_nat_bea_ba:CatchA,1190700295
r01_nat_bea_ba:Catch,1060065956
r01_nat_bea_ba:CatchTriggerDamage,2346189778
r01_nat_bea_ba:CatchTrigger,3574898368
r01_nat_bea_ba:JumpHoldTrigger,3574296626
r01_nat_bea_ba:Anger,1775253384
gd_sol_common:RegionKill_Effect,1655896442
gd_sol_common:RegionKill_Breast,1906733666
r01_gd_sol_sw:AttackSlashSlash,876448051
r01_gd_sol_sw:AttackSlashThrust,1562570921
r01_gd_sol_sw:AttackSlashAThrust,3508892452
r01_gd_sol_sw:AttackDashBody,3811691483
r01_gd_sol_sw:AttackDashRise,3767033292
r01_gd_sol_sw:AttackDashFall,3774591590
r01_gd_sol_sw:AttackTankJumpFall,3052188015
r01_gd_sol_sw:AttackDashBodyAA,2153019071
r01_nat_rap_ba:Fake,1719164639
r01_nat_rap_ba:FakeEnd,1725105424
r01_nat_rap_ba:EscapeEnd,2464220507
r01_nat_rap_ba:Singing,1253157243
r01_nat_rap_ba:SingStop,359996648
r01_nat_rap_ba:SingFinish,343144514
r01_nat_rap_ba:SingMemberFull,2933378353
r01_nat_rap_ba:SingVariation1,2290967832
r01_nat_rap_ba:SingVariation2,2290967833
r01_nat_rap_ba:SingVariation3,2290967838
r01_nat_rap_ba:SingVariation4,2290967839
r01_nat_rap_ba:SingVariation5,2290967836
r01_nat_rap_ba:SingMemberMid,2769285800
r01_nat_rap_ba:BlinkCooltime,99026150
r01_nat_rap_ba:RemoveHpBorderFake,1477399702
r01_nat_rap_ba:RemoveSingMemberFull,2650973430
r01_nat_rap_ba:RemoveSingVariation1,151748276
r01_nat_rap_ba:RemoveSingVariation2,151748275
r01_nat_rap_ba:RemoveSingVariation3,151748274
r01_nat_rap_ba:RemoveSingVariation4,151748273
r01_nat_rap_ba:RemoveSingVariation5,151748272
r01_nat_rap_ba:RemoveSingMemberMid,1152235266
r01_nat_rap_ba:RemoveSinging,459665886
r01_nat_rap_ba:ReactionSleep,1286981567
gd_gia:Laser,2340199616
gd_gia:Weapon1,2615489254
gd_gia:Weapon2,2615489255
gd_gia:Stnp,1282191027
gd_gia:Stamp,2149311650
gd_gia:Explosion,1189501364
gd_gia:CoreLaserN,355347461
gd_gia:CoreLaserA,355348472
gd_gia:LaserBomN,3916675094
gd_gia:LaserBomA,3916675083
gd_gia:AxWeapon1,3456974906
gd_gia:AxWeapon2,3456974905
gd_gia:AxWeapon3,3456974904
gd_gia:WeaponExplosion,2893455997
gd_gia:HeelKickStartStamp,1374628868
gd_gia:HeelKick,3211725358
gd_gia:HeelKickEndStamp,1969590021
gd_gia:BrkBackCore,4168015680
gd_gia:BrkCore,1589336066
gd_gia:Phase2Begin,577262860
nat_wol_common:Attack,3897919387
nat_wol_common:Bite,14846911
nat_wol_common:AttackL,100353328
nat_wol_common:BiteL,3622930187
nat_wol_common:HowlDWolf,3725424329
nat_wol_common:HowlAWolf,3841702230
nat_wol_common:DeflatedDWolf,2413990749
nat_wol_common:DeflatedAWolf,2157738819
nat_wol_common:HowlWolf,3543703000
nat_wol_common:DeflatedWolf,3127831532
nat_bir_common:SpitPterosaurA,1969815659
nat_bir_common:KickPterosaurAA,358453716
nat_bir_common:KickPterosaurA,4095221949
nat_bir_common:GroundConAntibody,2227086142
nat_bir_common:GroundCon,1222316205
nat_mon_thr:StrikeLurch,2417155309
nat_mon_thr:NativeBeastRock,2633011398
gd_box_common:Anger,1488908690
gd_box_common:AddEffectiveTypeSuperLanding,2346001334
gd_box_common:AddEffectiveTypeSuperLanding_ArmNone,2681382790
gd_box_common:AddEffectiveTypeSuperLanding_HeadNone,609761574
gd_box_common:AddEffectiveTypeSuperLanding_ElementNone,4171940135
gd_box_common:AddHyperMode,3868971554
gd_box_common:AngerLocal,3013398440
gd_box_common:RemoveEffectiveTypeSuperLanding,2574851497
gd_box_common:RemoveEffectiveTypeSuperLanding_ArmNone,1312220698
gd_box_common:RemoveEffectiveTypeSuperLanding_HeadNone,2867672794
gd_box_common:RemoveEffectiveTypeSuperLanding_ElementNone,362850510
gd_box_common:RemoveHyperMode,3640310377
gd_box_common:RegionGroupReaction_AllDamage,1402178076
gd_box_common:Smash,1459448130
gd_box_common:SmashFinish,3027813292
gd_box_common:Hammer,1982809726
gd_box_common:HammerImpact,4218887515
gd_box_common:HammerFinish,1099329867
gd_box_common:HammerFinishImpact,3193939390
gd_box_common:StraightCharge,261278887
gd_box_common:Rotate,3272570970
gd_box_common:StraightPunchShot,4124705661
gd_box_common:StraightPunchFinishShot,2640104901
gd_box_common:StraightPunch,1117126951
gd_box_common:StraightPunchFinish,1012850912
gd_box_common:SuperLanding,2684974431
gd_box_common:SuperLanding2,1755208285
gd_box_common:SuperLanding2GroundShot,521995556
gd_box_common:Surprise,1208970592
gd_box_common:SurpriseImpact,1773984382
gd_box_common:SurpriseFinish,2996869805
gd_box_common:SurpriseFinishImpact,2324757320
nat_armma_rollAct,1004720804
nat_armma_rollA,2045298493
nat_armma_roll_friendEff,3682911356
nat_armma_roll_friendA,1049505544
dbg_shotl_a,3016099427
dbg_shots_a_shock_lv1,1810995614
dbg_shots_a_shock_lv2,1810995609
dbg_shots_a_shock_lv3,1810995608
dbg_shots_a_shock_lv4,1810995611
dbg_shots_a_shock_lv5,1810995610
dbg_shots_a,3015965871
gd_ktn:SlashUp,1959815502
gd_ktn:SlashDown,922460898
gd_ktn:Slash,2701886451
gd_ktn:Rotation,702764748
gd_ktn:Thrust,3681647970
gd_ktn:Guren,3468879437
gd_ktn:GurenFinish,3611360258
gd_ktn:SpaceSlash,1481993292
gd_ktn:SpaceSlashAtk,3714751439
gd_ktn:SpaceSlash_Finish,1922487014
gd_ktn:Shuriken,2237916375
gd_ktn:ShurikenSlash,4012193713
gd_ktn:Avatar,#NUM!
gd_ktn:AvatarBody,4261198386
gd_ktn:Phase2Begin,4064908277
gd_ktn:AtkDownShift,599378470
gd_ktn:AtkDownShiftRemove,3103982215
gd_sol_ri:ShotG_1shot,2601402919
gd_sol_ri:ShotG_3shot,2501487087
gd_sol_ri:ShotG_jump,4055923819
gd_phe:AttackLaser,2117976266
gd_phe:AttackBite,185187748
gd_phe:AttackSummersault,1256769172
gd_phe:AttackMultiShot,493878388
gd_phe:AttackElectrical,3335992504
gd_phe:AttackWhipscrabble,2893893847
gd_phe:AttackBeam,185156596
gd_phe:AttackWhipRush,2272279918
gd_phe:AttackSplash,2886318655
gd_phe:AttackFindFall,804020703
gd_phe:Anger,601015081
gd_phe:SummersaultMove,2929634032
gd_phe:RemoveSummersaultMove,1434062665
gd_phe:BreakHeadParticle,2378178803
gd_phe:BreakHead,2063007712
gd_phe:BreakWingLeft,4239770628
gd_phe:BreakWingRight,3250235837
gd_dra:AttackBite,780091147
gd_dra:AttackPounce,4033095381
gd_dra:AttackAroundH,1271571511
gd_dra:AttackAroundT,1271571491
gd_dra:AttackRayBreath,4184021822
gd_dra:AttackLaunch,2333940591
gd_dra:AttackLaunchBreath,3633972228
gd_dra:AttackFlyBreath,1710093622
gd_dra:AttackFalling,1455529065
gd_dra:AttackBigbang,3491430000
gd_dra:AttackBigbangRock,3558851149
gd_dra:ChargeRemove,3933889392
gd_dra:FullpowerTimerRemove,4249983797
gd_dra:FullpowerRECoreRemove,161335868
gd_dra:FullpowerRemove,725406785
gd_dra:ChargeWait,2987605570
gd_dra:Charge,103971517
gd_dra:FullpowerTimer,2696591175
gd_dra:FullpowerRECore,3369988129
gd_dra:Fullpower,3690266721
gd_dra:Anger,3839615560
gd_dra:BreakHeadCParticle,1427506937
gd_dra:BreakHeadLParticle,1049227577
gd_dra:BreakHeadRParticle,#NUM!
gd_dra:BreakWingLParticle,1131416878
gd_dra:BreakWingRParticle,1371189229
gd_dra:BreakTailParticle,944740038
gd_dra:BreakHeadC,3992950265
gd_dra:BreakHeadL,3992950222
gd_dra:BreakHeadR,3992950216
gd_dra:BreakWingL,26221548
gd_dra:BreakWingR,26221546
gd_dra:BreakTail,3759274398
ani_boa:Rush,3485553154
gd_gor_ba:Atk_BodyDrum,2223713549
gd_gor_ba:Atk_Rush,376001066
gd_gor_ba:Atk_Tackle,514477092
gd_gor_ba:Atk_HipDrop,1682627265
gd_gor_ba:Atk_BellyExplosion,1284095898
r01_gd_gor_ba:BellyBreakAnti,3484196650
r01_gd_gor_ba:BellyIceAnti,#NUM!
r01_gd_gor_ba:BellyRegionIceAnti,2315226400
r01_gd_gor_ba:BellyNormalAnti,874659994
r01_gd_gor_ba:BellyBigAnti,1856504383
r01_gd_gor_ba:BellyExplosionWaitAnti,630920197
r01_gd_gor_ba:BellyHardAnti,2123568627
r01_gd_gor_ba:BellyDownAnti,3717799478
r01_gd_gor_ba:BellyPlusWaitAnti,1520218161
r01_gd_gor_ba:BellyMinusWaitAnti,1560091235
r01_gd_gor_ba:AttackModeAnti,329867950
r01_gd_gor_ba:BellyBreakAdd,2999575405
r01_gd_gor_ba:BellyIceAdd,1362613407
r01_gd_gor_ba:BellyRegionIceAdd,877243616
r01_gd_gor_ba:BellyNormalAdd,1327764879
r01_gd_gor_ba:BellyBigAdd,2159980732
r01_gd_gor_ba:BellyExplosionWaitAdd,3700353157
r01_gd_gor_ba:BellyHardAdd,2756592577
r01_gd_gor_ba:BellyDownAdd,3982285786
r01_gd_gor_ba:BellyPlusWaitAdd,2829547683
r01_gd_gor_ba:BellyMinusWaitAdd,791110449
r01_gd_gor_ba:AttackModeAdd,2601447061
r01_gd_gor_ba:BellyModeNormal,2271361790
r01_gd_gor_ba:BellyModeNormal1,536670935
r01_gd_gor_ba:BellyModeNormal2,536670932
r01_gd_gor_ba:BellyModeBig,1501770046
r01_gd_gor_ba:BellyModeBig1,1290249351
r01_gd_gor_ba:BellyModeExplosionWait,1759645291
r01_gd_gor_ba:BellyModeExplosionWait1,2551289391
r01_gd_gor_ba:BellyModeIce,1501807867
r01_gd_gor_ba:BellyModeIce1,1275751699
r01_gd_gor_ba:BellyModeIce2,1275751698
r01_gd_gor_ba:BellyModeHard,1290325022
r01_gd_gor_ba:BellyModeHard1,2806806639
r01_gd_gor_ba:BellyModeDown,1291840109
r01_gd_gor_ba:BellyModeDown1,3180193192
r01_gd_gor_ba:BellyModeBreak,2783052014
r01_gd_gor_ba:BellyModeBreak1,3855758667
r01_gd_gor_ba:BellyModeBreak2,3855758664
r01_gd_gor_ba:BellyMinusWaitEnd,790998821
r01_gd_gor_ba:BellyMinusWaitEnd1,1548288470
fan_common:AttackSlash,2258324413
fan_common:AttackStamp,#NUM!
fan_common:AttackBack,2674364834
fan_common:AttackSummer,800122599
fan_common:AttackShout,#NUM!
fan_common:AttackBigJumpFinish,855687474
fan_common:AttackShoot,#NUM!
fan_common:AttackShootScatter,3965644610
fan_common:AttackBreath,3121326868
r01_nat_fan_thu:GroundAttack,2930869651
r01_nat_fan_thu:SlideGroundAttack,1604823328
r01_nat_fan_thu:ThunderShot,461081491
r01_nat_fan_thu:Breath,2743126166
r01_nat_fan_thu:Thunder,1565669158
r01_nat_fan_thu:VolteRush,1478389903
r01_nat_fan_thu:VolteAir,4081875580
fan_common:Anger,733835018
fan_common:Eff_BreakRegionHead,3971934045
fan_common:Eff_BreakRegionHandL,3832290022
fan_common:Eff_BreakRegionHandR,3832290028
fan_common:Eff_BreakRegionFootL,263486722
fan_common:Eff_BreakRegionFootR,263486728
r01_gd_sol_rai:AttackSlashSlash,1114088326
r01_gd_sol_rai:AttackSlashThrust,1359824677
r01_gd_sol_rai:AttackSlashAThrust,1868840029
r01_gd_sol_rai:AttackDashBody,1391533175
r01_gd_sol_rai:AttackDashRise,1370964800
r01_gd_sol_rai:AttackDashFall,1388496682
r01_gd_sol_rai:AttackTankJumpFall,1034549517
gd_sol_rai:ShotG_1shot,659566374
gd_sol_rai:Unarmed_ThrustAttack,69392225
gd_sol_rai:Unarmed_Lariat,4093745738
gd_sol_rai:Unarmed_LariatFinish,3117750140
gd_sol_rai:Unarmed_BackFist,2927474292
gd_sol_rai:Unarmed_Bomb,3830039116
gd_sol_rai:Common_BitShot,4002240271
gd_sol_rai:Common_BitLaser,2483815280
gd_sol_rai:Unarmed_Thrust,1071166714
gd_sol_rai:RegionKill_Backpack,669608871
gd_sol_rai:BreastBreak_Effect,2814668800
gd_sol_rai:Anger,2822281895
gd_sol_rai:BreastBreak,3791696514
gd_sol_rai:CrystalBackBreak,2174957484
gd_sol_rai:Sword,649035205
gd_sol_rai:Rifle,552159139
gd_sol_rai:SwordRemove,2406255884
gd_sol_rai:RifleRemove,1108205227
gd_sol_rai:CrystalBreastBreakEffect,278727131
gd_sol_rai:CrystalFootLBreakEffect,1022013772
gd_sol_rai:CrystalFootRBreakEffect,1282890197
gd_sol_rai:TypeBreastCore,560242704
gd_sol_rai:TypeBackCore,534154757
gd_sol_rai:TypeFootLCore,3789551872
gd_sol_rai:TypeFootRCore,3301202640
gd_sol_rai:AllRaidAddReactionValue,#NUM!
gd_sol_rai:DebuffUpRateDamage_AllRaid,2339398870
gd_sol_rai:DebuffUpRateDamage_AllRaidRemove,3822105627
gd_for_ba:MainGun,2615667393
gd_for_ba:SubGun,2675305758
gd_for_ba:LegStamp,132567977
gd_for_ba:Armed,1527227984
gd_for_ba:RemoveArmed,399960375
gd_for_ba:SubGunLFBreak,1118133390
gd_for_ba:SubGunRFBreak,2755088202
gd_for_ba:SubGunLBBreak,1116137481
gd_for_ba:SubGunRBBreak,3946942209
gd_for_ba:LegLFBreakEffect,1526759554
gd_for_ba:LegRFBreakEffect,1498432237
gd_for_ba:LegLBBreakEffect,1573372165
gd_for_ba:LegRBBreakEffect,380321063
alt_tis_ba:Slash_Normal,2527350101
alt_tis_ba:Slash_BreakHandL,2997559043
alt_tis_ba:RushMoving,2272173580
alt_tis_ba:RushFinish_Normal,4255310613
alt_tis_ba:RushFinish_BreakHandR,486484443
alt_tis_ba:AtkJump_Normal,13059033
alt_tis_ba:AtkJump_BreakHalf,102500239
alt_tis_ba:Blow360_Normal,166002530
alt_tis_ba:Blow360__BreakHalf,2394782709
alt_tis_ba:Paralysis_Shot,698770176
alt_tis_ba:Paralysis_AoE,2120622393
alt_tis_ba:BuffToNearFriend,#NUM!
alt_tis_ba:Slash,2680375552
alt_tis_ba:RushFinish,3440658946
alt_tis_ba:AtkJump,209586258
alt_tis_ba:Blow360,529217224
alt_tis_ba:Anger,653053301
alt_tis_ba:BuffUpRate_Attack,588562584
alt_tis_ba:BuffDownRate_Damage,3199880124
alt_tis_ba:BreakHandR,691397130
alt_wlf:Slash,4130519350
alt_wlf:Back,2879300374
alt_wlf:Kick,2880262479
alt_wlf:Laser,90103130
alt_wlf:Tail,2857209677
alt_wlf:HeelDrop,3401744468
alt_wlf:Tornade,3146587418
alt_wlf:TornadeShot,1358266079
alt_wlf:Anger,67716936
alt_cli_ba:Anger,3599953769
alt_cli_ba:AtkBuff,1772402064
alt_cli_ba:AddHoldTentacle,773522584
alt_cli_ba:RemoveHoldTentacle,2091334912
alt_cli_ba:Atk_Geyser,920618916
alt_cli_ba:Atk_GeyserBody,2540684685
alt_cli_ba:Atk_IceBit,1969188841
alt_cli_ba:Atk_WaterBall,840227498
alt_cli_ba:Atk_WaterBall_DamageArea,1152697644
alt_cli_ba:Atk_BodyStrike,790273436
alt_cli_ba:HoldTriggerDamage,2722189026
alt_cli_ba:HoldAddDamage,1365172992
alt_cli_ba:HoldFinishDamage,364778910
alt_cli_ba:Atk_WaterBallArm,1041421702
alt_cli_ba:ThrowDamage,1236098659
alt_cli_ba:AtkThrow,3870096261
alt_cli_ba:HoldTrigger,389770610
gd_mag_ba:Atk_Kick,3362274851
gd_mag_ba:Atk_6push,2259246649
gd_mag_ba:Atk_Punch,3868408568
gd_mag_ba:Atk_PunchAnger,2734877907
gd_mag_ba:Atk_Rolling,703316205
gd_mag_ba:Atk_JumpKick,1464866291
gd_mag_ba:Atk_PunchBig1,1872610286
gd_mag_ba:Atk_PunchBig2,1872610285
gd_mag_ba:Atk_Separate,3934102526
gd_mag_ba:Atk_Air,143519740
gd_mag_ba:Anger,3811765400
gd_mag_ba:AddRocketPunchL1_Attack,1115461887
gd_mag_ba:AddRocketPunchR1_Attack,436307590
gd_mag_ba:AddRocketPunchLR_Attack,4011481113
gd_mag_ba:AddRocketPunchB_Attack,1995091053
gd_mag_ba:AddAngerAirRocketPunch2_Attack,3040776503
gd_mag_ba:AddAngerAirRocketPunch4_Attack,3862473810
gd_mag_ba:AddAngerAirRocketPunchSetL,3209054861
gd_mag_ba:RemoveRocketPunchL1_Attack,2148600282
gd_mag_ba:RemoveRocketPunchR1_Attack,1677661010
gd_mag_ba:RemoveRocketPunchLR_AttackA,626063331
gd_mag_ba:RemoveRocketPunchLR_Attack,443129377
gd_mag_ba:RemoveRocketPunchB_Attack,2188002095
gd_mag_ba:RemoveAngerAirRocketPunch2_Attack,1998224438
gd_mag_ba:RemoveAngerAirRocketPunch_Attack,425415256
gd_mag_ba:RemoveAngerAirRocketPunchSetL,86060367
alt_lzd_ba:ShotFlame,4149354852
alt_lzd_ba:ShotFlameExp,3190692402
alt_lzd_ba:ShotIce,1998494230
alt_lzd_ba:ShotThunder,3224577498
alt_lzd_ba:AtkJump,#NUM!
alt_lzd_ba:AtkFlash,4242831479
gd_flo_wi:ShotSimpleJaku,3148811820
gd_flo_wi:ShotSimpleKyou,3143257379
gd_flo_wi:AddCon_AiModeAttack,1283313240
gd_flo_wi:RmvCon_AiModeAttack,1102757137
alt_hrp_ba:ShotLW,3160022341
alt_hrp_ba:ShotSG,3160022169
alt_hrp_ba:ShotK,271107260
alt_hrp_ba:EffectiveTypeShotKStop,1538097557
alt_hrp_ba:RemoveEffectiveTypeShotKStop,7945164
alt_der_ba:Rush,3053744383
alt_der_ba:TailAttack,1191571510
alt_der_ba:Stomp,855708072
non_dro_a:Assault,3488535366
gd_god_1:Laser,1014681656
gd_god_1:Energy,3149030261
gd_god_1:PointShot,3781520420
r01_gd_god_1:StopAtk,2159991248
r01_gd_god_1:AtkLevel1,3751421450
r01_gd_god_1:AtkLevel2,3751421449
r01_gd_god_1:AtkLevel3,3751421448
r01_gd_god_1:RemoveStopAtk,1968780751
r01_gd_god_1:RemoveAtkLevel1,648792585
r01_gd_god_1:RemoveAtkLevel2,648792584
r01_gd_god_1:RemoveAtkLevel3,648792591
gd_sol_ax:SlashSlash,204353806
gd_sol_ax:SlashThrust,4057637717
gd_sol_ax:DashBody,4082450640
gd_sol_ax:DashRise,4079377777
gd_sol_ax:DashFall,4081715980
gd_sol_ax:TankJumpFall,2979010763
gd_sol_ax:Impact,535610415
gd_sol_lu:shot,3355863688
gd_sol_lu:jump,3394059070
gd_sol_lu:charge,149970601
alt_flg_ba:dump,2339977980
alt_flg_ba:stamp,3029777363
alt_flg_ba:ShotFlame,456601925
alt_flg_ba:ShotEruption,2485278897
alt_flg_ba:BrokenTail,2016118972
alt_hog_ba:Slash,1219518934
alt_hog_ba:SpinC,1222645052
alt_hog_ba:SpinS,1222645036
alt_hog_ba:ShotB,1208173653
gd_dra_rai:GroundBreath,407265153
gd_dra_rai:Explosion,3938920629
gd_dra_rai:FireBigBangFinish,2126053093
gd_dra_rai:BreakFireBall,424237686
gd_dra_rai:BreakFireBallLR,734521460
gd_dra_rai:BreakFireBallCParticle,1442871724
gd_dra_rai:BreakFireBallLParticle,3866804507
gd_dra_rai:BreakFireBallRParticle,503843602
gd_dra_rai:BreakFireBallC,4020843631
gd_dra_rai:BreakFireBallL,4020843604
gd_dra_rai:BreakFireBallR,4020843614
gd_dra_rai:SetReactionValueInitFireBallC,1495183170
gd_dra_rai:SetReactionValueInitFireBallL,1495183163
gd_dra_rai:SetReactionValueInitFireBallR,1495183153
gd_dra_rai:SetReactionValueInitFireBall,1975830264
gd_dra_rai:AllRaidAddReactionValue,750271724
gd_dra_rai:CoreRaiBreathMinusReactionValue,1333673146
gd_dra_rai:DebuffUpRateDamage_AllRaid,2774790348
gd_dra_rai:DebuffUpRateDamage_AllRaidRemove,1461970564
gd_pyc_da:JumpAttack,4065492855
gd_pyc_da:Kick,2354343706
gd_pyc_da:AddCon_AiModeAttack,2431496256
gd_pyc_da:RmvCon_AiModeAttack,3053437301
nat_monki_ba:Scratch,821190198
nat_monki_ba:Kick,2109528684
r04_gd_gia_fl:Atk_FireBall,861200022
KnuckleSway,2262060685
KnucklePA2LV2,300711207
KnucklePA2LV3,300711206
KnuckleDodgeHeatRevenge,3694748060
FighterPhotonFlood,2407470182
FighterUnFlatBonus,740180610
FighterJABonus,377963225
FighterLimitBreak,796161849
FighterLimitBreakInsurance,1785609001
FighterLimitBreakInsurance:Invincible,2503086235
FighterLimitBreakHealHP,4163181167
KnucklePA2LV2Remove,1834256594
KnucklePA2LV3Remove,3286427659
KnuckleDodgeHeatRevengeRemove,186915514
FighterPhotonFloodRemove,793805437
FighterUnFlatBonusRemove,2013695352
FighterLimitBreakRemove,1900749186
FighterLimitBreakBuffRemove,2932050887
FighterLimitBreakParticleRemove,3084674223
FighterJABonusRemove,854161178
FighterLimitBreakStart,4248413330
FighterLimitBreakEffect,1707921120
FighterLimitBreakBuff,2498649814
FighterLimitBreakInsuranceEffect,4210227061
FighterTecArtsActive,1505731959
FighterCountExtendBonusBuff,4185982952
FighterTecArtsActiveRemove,2814325658
FighterCountExtendBonusBuffRemove,2822236607
FighterWeaponDodgeComboBonusBuff,2156656241
FighterWeaponDodgeComboBonusBuffRemove,2129363770
FighterElementCAActive,2234109254
FighterAttackCAActiveRemove,1233615666
FighterElementCAActiveRemove,2957591444
FighterDebugTest,1202692575
FighterDebugTestRemove,3011810411
ForcePhotonFlareEffect,2212411624
ForcePhotonFlareCTUS,1414629337
ForcePhotonFlare,527661984
ForcePpConvertEffect,969881856
ForcePpConvertCTUS,3429484332
ForcePpConvert,1110185180
PpRecoveryParticle,4019238358
ForcePhotonFlarePpRefrainCTUS,3121166149
ForcePhotonFlarePpRefrainCalcCTUS,3332370261
ForcePhotonFlarePpRefrain,3774148842
ForcePhotonFlarePpRefrainCalc,3121108778
ForceReflectCounterShotIceAddition,1256868801
ForceReflectCounterShotIceCon1,3995512325
ForceReflectCounterShotIceCon,950579686
ForceReflectCounterShotThundeAddition,3409840817
ForceReflectCounterShotThunderCon1,1966213307
ForceReflectCounterShotThunderCon,455366465
ForceReflectCounterShotFirePB,1305892764
ForceReflectCounterShotThunderPB,1861181564
ForceReflectCounterShotNonePB,214121465
ForceReflectCounterShotFirePpHeal,1364782094
ForceReflectCounterShotIcePpHeal,2787500796
ForceReflectCounterShotThunderPpHeal,1939419674
ForceReflectCounterShotNonePpHeal,2925489707
ForceReflectCounterShotFire,3432612251
ForceReflectCounterShotIce,4052350058
ForceReflectCounterShotThunder,1369898771
ForceReflectCounterShotNone,2980119762
ForceReflectCounterShot:AddShotFire,2303401298
ForceReflectCounterShot:AddShotIce,877059465
ForceReflectCounterShot:AddShotThunder,3045554501
ForceReflectCounterShot:AddShotNone,4141269130
TalisPa1ConDelete1,4226198877
TalisPa2SwingConDelete1,4111015290
TalisPa2AroundConDelete1,4003310055
TalisPa1ConDelete2,4226198876
TalisPa2SwingConDelete2,4111015291
TalisPa2AroundConDelete2,4003310054
TalisPa1ConDelete,24120467
TalisPa2SwingConDelete,487204058
TalisPa2AroundConDelete,218657035
TalisPaConAllDelete,4133329253
Talis:PA1Grantz_Damage,1829970242
Talis:PA2SwingGrantz_Damage,585507303
Talis:PA2SwingZan_Damage,552661360
GunnerNeoTimeParticle,3057884187
GunnerNeoTimePPRefreshOrder,3524665723
GunnerNeoTime,560932298
GunnerCounterPABurstCheckOrder,1816573833
GunnerCounterPABurstCheckOrderRemove,546018041
GunnerCounterPABurstCheckBuff,1911689913
GunnerCounterPABurstCheckBuffRemove,1830194688
item_RebootAttackUp,3645930031
item_RebootCriticalUp,3716439116
item_RebootDamageReduction,305785311
item_RebootAtpCriDamUp,1170175972
item_AtpDam,2629313529
item_AtpPpRed,2325505202
item_SuperArmor,3637321430
item_CountPower,3073289034
item_PpBoost,534718116
item_PpEfficiency,379415277
item_DamageBarrier,2203724283
item_EscapeCritical,3416920927
item_PbGaugeUp,3642796209
item_DefCritical,951906511
item_AtkCritical,675993639
item_WholeBody,2131712050
item_StackHeal,735302462
item_LifeGuts,3418651242
item_ReactionBonus,3104101403
item_ReactionDown,296783594
item_ItemReturn,688882308
item_ElementPpBonus,2404165462
item_PbGaugeUp2,3314120934
item_ReactionDown2,527947471
item_AllBonus,1016560692
item_EnableParticle_Sword,1798888163
item_CountPower_UnionChange,171204941
item_CountPower_Buff,612379834
item_CountPower_Recast,155462452
item_CountPower_Particle1_Add,3237265246
item_CountPower_Particle2_Add,3319323666
item_CountPower_UnionChangeRemove,2740015309
item_CountPower_BuffRemove,198436853
item_CountPower_Particle1_Remove,2472323832
item_CountPower_Particle2_Remove,3795906220
item_CountPower_Particle_RemoveAll,3903544512
item_PpBoost_Buff,865645881
item_PpBoost_Recast,3486583305
item_PpBoost_BuffRemove,3659167438
item_EscapeCritical_Buff,3293500384
item_EscapeCritical_BuffRemove,1065468844
item_LifeGuts_Enable,4057633999
item_LifeGuts_Particle_Add,1937720369
item_LifeGuts_Buff,3293605024
item_LifeGuts_Recast,1147529319
item_LifeGuts_Particle_Remove,794742574
item_LifeGuts_BuffRemove,822612780
item_LifeGuts_Disable,486321076
item_StackHeal_Stack1,1044324418
item_StackHeal_Stack2,1044324419
item_StackHeal_Stack3,1044324420
item_StackHeal_Stack1Remove,3854037081
item_StackHeal_Stack2Remove,3807201563
item_StackHeal_Stack3Remove,1349218633
item_StackHeal_ActiveParticle,2244683826
item_StackHeal_Stack1Heal,2747108532
item_StackHeal_Stack2Heal,2895194786
item_StackHeal_Stack3Heal,2862875808
item_StackHeal_Stack1Heal_Delay,2591455612
item_StackHeal_Stack2Heal_Delay,4240531431
item_StackHeal_Stack3Heal_Delay,4203895237
item_StackHeal_StackRemoveAll,2300753553
item_ItemReturn_Buff,2154685942
item_ItemReturn_Enable,2653219588
item_ItemReturn_BuffRemove,1806874710
item_ItemReturn_Disable,2341667246
item_ElementPpBonus_Shot_FireS,2776104877
item_ElementPpBonus_Shot_IceS,605146095
item_ElementPpBonus_Shot_ThunderS,1497753330
item_ElementPpBonus_Shot_WindS,2513488354
item_ElementPpBonus_Shot_LightS,1962249661
item_ElementPpBonus_Shot_DarkS,2487346879
item_ElementPpBonus_Shot_Fire,661125684
item_ElementPpBonus_Shot_Ice,2734676611
item_ElementPpBonus_Shot_Thunder,3538082855
item_ElementPpBonus_Shot_Wind,606789522
item_ElementPpBonus_Shot_Light,2626452830
item_ElementPpBonus_Shot_Dark,606376796
item_ElementPpBonus_Ready,2186278290
item_ElementPpBonus_Enable,#NUM!
item_ElementPpBonus_Recast,3537673297
item_ElementPpBonus_ReadyRemove,3865693435
item_ElementPpBonus_Disable,2075444767
item_ElementPpBonus_AddDownFire,2263312019
item_ElementPpBonus_AddDownIce,2166666182
item_ElementPpBonus_AddDownThunder,3266295262
item_ElementPpBonus_AddDownWind,2287174359
item_ElementPpBonus_AddDownDark,2257451517
item_ElementPpBonus_AddDownLight,3991115779
item_SuperArmor_Particle_Add,4289724638
item_SuperArmor_Particle_Remove,2386995186
item_DamageBarrier_Particle_Add,3312356330
item_DamageBarrier_Particle_Remove,3130585003
item_ReactionBonus_AddDown2,1135927270
item_ReactionBonus_AddDown,857117873
item_ReactionBonus_Buff,2870204322
item_ReactionBonus_BuffRemove,2025315162
Knuckle:DodgeHeatRevengeA_v,3728663772
Knuckle:DodgeHeatRevengeAs_v,3149781714
Knuckle:GA1Damage2A,1325529929
Knuckle:GA2Damage2A,4253899260
Knuckle:GA3Damage2A,2996195244
Knuckle:GA4Damage2A,10001064
Knuckle:GA5Damage2A,1199787654
Knuckle:GA5Damage2As,3613958603
Knuckle:DodgeHeatRevengeA,2532948764
Knuckle:DodgeHeatRevengeAs,345838831
Knuckle:GA1Damage2B,1325529974
Knuckle:GA2Damage2B,4253899259
Knuckle:GA3Damage2B,2996195245
Knuckle:GA4Damage2B,10001065
Knuckle:GA5Damage2B,1199787655
Knuckle:GA5Damage2Bs,3613958410
Knuckle:DodgeHeatRevengeB,2532948763
Knuckle:DodgeHeatRevengeBs,345838761
Knuckle:GA1Damage2,3271302550
Knuckle:GA2Damage2,1539605767
Knuckle:GA3Damage2,2840412434
Knuckle:GA4Damage2,2742246872
Knuckle:GA5Damage2,4219442672
Knuckle:GA5Damage2AS,3613958571
Knuckle:DodgeHeatRevenge,4001018759
Knuckle:DodgeHeatRevengeAS,345838799
Knuckle:SA1DamageA,1024789612
Knuckle:SA1CounterDamageA,495057664
Knuckle:SA1DamageB,1024789613
Knuckle:SA1CounterDamageB,495057679
Knuckle:SA1Damage,1654872082
Knuckle:SA1CounterDamage,361877751
Knuckle:SwayCounterAttackA_v,2763725144
Knuckle:SwayCounterFinishA_v,652399953
Knuckle:SwayAttackA,2425645868
Knuckle:SwayCounterAttackA,1942536504
Knuckle:SwayCounterFinishA,937402632
Knuckle:SwayAttackB,2425645869
Knuckle:SwayCounterAttackB,1942536487
Knuckle:SwayCounterFinishB,937402633
Knuckle:SwayAttack,4197938962
Knuckle:SwayCounterAttack,3679316183
Knuckle:SwayCounterFinish,3890233688
Knuckle:SuperDashAttack_dmg,2835255524
Knuckle:SuperDashAttack_pb,2702041314
Knuckle:SuperDashAttack,3735035905
Knuckle:GrideAttack_dmg,237087966
Knuckle:GrideAttack_pb,975060939
Knuckle:GrideAttack,2393837572
Knuckle:GrideAttackStrong_dmg,1582607642
Knuckle:GrideAttackStrong_AddAllReactionValue,458271624
Knuckle:GrideAttackStrong_SyncRegion,121330533
Knuckle:GrideAttackStrong_pb,1053481499
Knuckle:GrideAttackStrong,4120666807
Knuckle:Pb,1818766640
Knuckle:Pb1,3207920646
Knuckle:PA1DamageA,3490454980
Knuckle:PA1DamageD,3490454977
Knuckle:PA1DamageC,3490454978
Knuckle:PA1DamageA2,88993688
Knuckle:PA1DamageD2,88992858
Knuckle:PA1DamageC2,#NUM!
Knuckle:PA1Damage,2729377447
Knuckle:PA1Damaged,3490454817
Knuckle:PA1DamageFinish,3499912338
Knuckle:PA2DamageA,2220142187
Knuckle:PA2DamageC,2220142189
Knuckle:PA2DamageD,2220142188
Knuckle:PA2DamageA2,1345121838
Knuckle:PA2DamageC2,1345121963
Knuckle:PA2DamageD2,1345122026
Knuckle:PA2Damage,1281033665
Knuckle:PA2Damagec,2220142093
Knuckle:PA2Damaged,2220142092
Knuckle:PA3DamageC3,633987986
Knuckle:PA3DamageA3,633987103
Knuckle:PA3DamageB3,633988062
Knuckle:PA3DamageC2,633987985
Knuckle:PA3DamageA2,633987102
Knuckle:PA3DamageB2,633988063
Knuckle:PA3DamageC,2800536056
Knuckle:PA3DamageA,2800536054
Knuckle:PA3DamageB,2800536055
Knuckle:PA4DamageA,4121081309
Knuckle:PA4DamageC1A,4153501763
Knuckle:PA4DamageC2A,4153501826
Knuckle:PA4DamageA2,2985241471
Knuckle:PA4DamageC1A2,937725176
Knuckle:PA4DamageC2A2,937729033
Knuckle:PA4Damage,3774581638
Knuckle:PA4DamageC1,2985241595
Knuckle:PA4DamageC2,2985241594
Launcher:A1,4226633499
Launcher:A2,4226633498
Launcher:A3,4226633501
Launcher:A1Blast_dmg,2377528340
Launcher:A2Blast_dmg,1627138514
Launcher:A3Blast_dmg,3418204786
Launcher:A1Blast_a,1577313214
Launcher:A2Blast_a,1753288642
Launcher:A3Blast_a,2317903328
Launcher:A1Blast_b,1577313213
Launcher:A2Blast_b,1753288643
Launcher:A3Blast_b,2317903329
Launcher:A1Blast,848342841
Launcher:A2Blast,3977400765
Launcher:A3Blast,1953935807
Launcher:ChargeBullet,2418014983
Launcher:ChargeBlast_dmg1,2489089033
Launcher:ChargeBlast_dmg2,2489089032
Launcher:ChargeBlast_dmg3,2489089039
Launcher:ChargeBlast_dmg4,2489089038
Launcher:ChargeBlast_dmg5,2489089037
Launcher:ChargeConvergenceBlast_dmg1,747228599
Launcher:ChargeConvergenceBlast_dmg2,747228592
Launcher:ChargeConvergenceBlast_dmg3,747228593
Launcher:ChargeConvergenceBlast_dmg4,747228594
Launcher:ChargeConvergenceBlast_dmg5,747228595
Launcher:ChargeBlast_a1,2404078804
Launcher:ChargeBlast_a2,2404078805
Launcher:ChargeBlast_a3,2404078806
Launcher:ChargeBlast_a4,2404078807
Launcher:ChargeBlast_a5,2404078824
Launcher:ChargeConvergenceBlast_a1,1160439847
Launcher:ChargeConvergenceBlast_a2,1160439844
Launcher:ChargeConvergenceBlast_a3,1160439845
Launcher:ChargeConvergenceBlast_a4,1160439842
Launcher:ChargeConvergenceBlast_a5,1160439843
Launcher:ChargeBlast_b1,2404078741
Launcher:ChargeBlast_b2,2404078740
Launcher:ChargeBlast_b3,2404078743
Launcher:ChargeBlast_b4,2404078742
Launcher:ChargeBlast_b5,2404078761
Launcher:ChargeConvergenceBlast_b1,1160440036
Launcher:ChargeConvergenceBlast_b2,1160440039
Launcher:ChargeConvergenceBlast_b3,1160440038
Launcher:ChargeConvergenceBlast_b4,1160440033
Launcher:ChargeConvergenceBlast_b5,1160440032
Launcher:ChargeBlast1,3898522132
Launcher:ChargeBlast2,3898522133
Launcher:ChargeBlast3,3898522134
Launcher:ChargeBlast4,3898522135
Launcher:ChargeBlast5,3898522152
Launcher:ChargeConvergenceBlast1,1674061609
Launcher:ChargeConvergenceBlast2,1674061610
Launcher:ChargeConvergenceBlast3,1674061611
Launcher:ChargeConvergenceBlast4,1674061604
Launcher:ChargeConvergenceBlast5,1674061605
Launcher:ChargeBlast,2464040904
Launcher:ChargeConvergenceBlast,2885416300
Launcher:SA1a,2731320054
Launcher:SAC1a,3638518912
Launcher:SA1b,2731320055
Launcher:SAC1b,3638518927
Launcher:SA1c,2731320052
Launcher:SAC1c,3638518926
Launcher:SA1,594170762
Launcher:SAC1,2731320439
Launcher:DashBullet_dmg,3677583797
Launcher:DashBullet_pb,410765869
Launcher:DashBullet,3134951201
Launcher:GrideAttack_dmg,2463614109
Launcher:GrideAttack_pb,2237660636
Launcher:GrideAttack,3925802136
Launcher:GrideAttackStrong_dmg,2017546396
Launcher:GrideAttackStrong_AddAllReactionValue,444439340
Launcher:GrideAttackStrong_SyncRegion,401647294
Launcher:GrideAttackStrong_pb,4008900849
Launcher:GrideAttackStrong,3473527160
Launcher:BombBlast,3400851173
Launcher:Bomb,2707583660
Launcher:WAShotExt,33576884
Launcher:WAShotAnti,483366933
Launcher:WAShotRecast,3841397418
Launcher:WAShotExp,#NUM!
Launcher:WAShotOrder,1370323620
Launcher:WAShotDamage,256785400
Launcher:WAShot,4206418366
Launcher:WAShotAddCon,3760502497
Launcher:WA_PB1,4165417593
Launcher:WA_PB2,4165417574
Launcher:WA_PB3,4165417575
Launcher:WA_PB4,4165417572
Launcher:WA_PB5,4165417573
Launcher:WA_PB6,4165417570
Launcher:WA_PB7,4165417571
Launcher:WA_PB8,4165417568
Launcher:WA_PB9,4165417569
Launcher:WA_PB10,374398142
Launcher:WAPp1,617205585
Launcher:WAPp2,617205584
Launcher:WAPp3,617205587
Launcher:WAPp4,617205586
Launcher:WAPp5,617205589
Launcher:WAPp6,617205588
Launcher:WAPp7,617205591
Launcher:WAPp8,617205590
Launcher:WAPp9,617205577
Launcher:WAPp10,4245950124
Launcher:WAShotExp1,483206724
Launcher:WAShotExp2,483206725
Launcher:WAShotExp3,483206726
Launcher:WAShotExp4,483206727
Launcher:WAShotExp5,483206744
Launcher:WAShotExp6,483206745
Launcher:WAShotExp7,483206746
Launcher:WAShotExp8,483206747
Launcher:WAShotExp9,483206748
Launcher:WAShotExp10,3296293438
Launcher:PA1Bullet,930011059
Launcher:PA1Blast_dmg,3043876593
Launcher:PA1Blast_a,933884601
Launcher:PA1Blast_b,933884600
Launcher:PA1Blast,1973301027
Launcher:PA2_dmg,966906626
Launcher:PA2Finish_dmg,2676666418
Launcher:PA2_a,2219660687
Launcher:PA2Finish_a,1218760096
Launcher:PA2_b,2219660684
Launcher:PA2Finish_b,1218760097
Launcher:PA2,594279431
Launcher:PA2Finish,1570589512
Launcher:PA3_dmg,1049676442
Launcher:PA3Finish_dmg,421398330
Launcher:PA3_a,2219656478
Launcher:PA3Finish_a,3917938200
Launcher:PA3_b,2219656477
Launcher:PA3Finish_b,3917938183
Launcher:PA3,594279430
Launcher:PA3Finish,24917043
Launcher:PA4Charge_dmg,1453141612
Launcher:PBBullet,3888023393
Launcher:PBBlast,301360499
Launcher:PBFinish,1938074487
Launcher:FanaticA1Blast_dmg,3516652134
Launcher:FanaticA2Blast_dmg,869639385
Partisan:GA1DamageA,2285482403
Partisan:GA2DamageA,2226608029
Partisan:GA3DamageA,3208780153
Partisan:GA1DamageB,2285482402
Partisan:GA2DamageB,2226608030
Partisan:GA3DamageB,3208780152
Partisan:GA1Damage,4068324475
Partisan:GA2Damage,2231964188
Partisan:GA3Damage,205975299
Partisan:AA1DamageA,689132866
Partisan:AA2DamageA,2984060434
Partisan:AA3DamageA,3685709820
Partisan:AA1DamageB,689132877
Partisan:AA2DamageB,2984060435
Partisan:AA3DamageB,3685709819
Partisan:AA1Damage,1921181173
Partisan:AA2Damage,3527628986
Partisan:AA3Damage,1597652231
Partisan:StepAttackDamageA,491494134
Partisan:StepCounterDamageA,1838379280
Partisan:StepAttackDamageB,491494129
Partisan:StepCounterDamageB,1838379281
Partisan:StepAttackDamage,3834224997
Partisan:StepCounterDamage,1509874146
Partisan:SuperDashAttack_dmg,270704911
Partisan:SuperDashAttack_pb,2271069429
Partisan:SuperDashAttack,2728082400
Partisan:GrideAttack_Damage,3659398994
Partisan:GrideAttack_pb,837412947
Partisan:GrideAttack,1818763630
Partisan:GrideAttackStrong_Damage,2982822977
Partisan:GrideAttackStrong_AddAllReactionValue,809239153
Partisan:GrideAttackStrong_SyncRegion,3550832409
Partisan:GrideAttackStrong_pb,2113552863
Partisan:GrideAttackStrong,2853282319
Partisan:PhotonBlast_v,4178280891
Partisan:PhotonBlastFinish_v,3157445396
Partisan:PhotonBlast,1117945896
Partisan:PhotonBlastFinish,2996167536
Partisan:PhotonBlastExp,3864374070
CGtt_Vibration,3168510234
Partisan:PASFinishA,1968145134
Partisan:PASChargeFinishA,3397289406
Partisan:PASFinishB,1968145133
Partisan:PASChargeFinishB,3397289407
Partisan:PASFinish,2754123231
Partisan:PASChargeFinish,3576642000
Partisan:WADamage,661440790
Partisan:WAShotExt,3391085787
Partisan:WAShotAnti,2459504443
Partisan:WAShotRecast,1559415126
Partisan:WAShotExp,3391085791
Partisan:WAShotOrder,1091954947
Partisan:WAShotDamage,3880006333
Partisan:WAShot,2313455907
Partisan:WAShotAddCon,1274907121
Partisan:PA1ChargeCondition,2630939773
Partisan:PA1ChargeCheckCost,1211754158
Partisan:PA1_NC_A,1138977160
Partisan:PA1AChargeEV,2314002227
Partisan:PA1ChargeAExA,1636661153
Partisan:PA1_NC_B,1138977163
Partisan:PA1BChargeEV,5509134
Partisan:PA1ChargeAExB,1636661154
Partisan:PA1_NC,2595399492
Partisan:PA1CChargeEV,3580601986
Partisan:PA1ChargeAEx,1307235788
Partisan:PA2A,2106649425
Partisan:PA2LoopA,1518513841
Partisan:PA2FinishA,1046028748
Partisan:PA2B,2106649426
Partisan:PA2LoopB,1518513854
Partisan:PA2FinishB,1046028749
Partisan:PA2,4205404044
Partisan:PA2Loop,4148620342
Partisan:PA2Finish,1029046162
Partisan:PA3A_NC,3944098261
Partisan:PA3A,2106649232
Partisan:PA3A_str,1972614901
Partisan:PA3A_fin,1972558893
Partisan:PA3B_NC,3954669738
Partisan:PA3B,2106649235
Partisan:PA3B_str,750174499
Partisan:PA3B_fin,750028247
Partisan:PA3_NC,2595075102
Partisan:PA3,4205404045
Partisan:PA3_str,3942314203
Partisan:PA3_fin,3942295351
quest_FlyingPenalty_DeBuff,3447310979
quest_FlyingPenalty_DeBuffRemove,1587455783
RangerWeakBulletParse,2226713968
RecastRangerWeakBullet,2846156656
RecastRangerGrenadeTrap,624471485
RangerDownChainBuff,#NUM!
RangerGaugeShotGunAway,2117082686
RangerWeaponActionAvoid,223955355
RangerWeaponActionAvoidBonus,607167856
RangerDownBonusBuff,1339659255
RangerNoDamageBonus:Penalty,2365434204
RangerSkipChargeBurstBuff,1438296337
RangerGaugeShotGunAfterBonusBuff,921073883
RangerGaugeShotGunAfterBonusEffect,2284014340
RangerSkipChargeBurst,3498549279
Rifle:A1a,1856399071
Rifle:A1b,1856399070
Rifle:A1c,1856399041
Rifle:A1,2103035601
Rifle:SA1a,220156466
Rifle:SA1CC,3830231493
Rifle:SA1b,220156467
Rifle:SA1Cb,3830231524
Rifle:SA1c,220156468
Rifle:SA1Cc,3830231525
Rifle:SA1,1856461536
Rifle:SA1C,220156500
Rifle:WeaponAction_dmg,1064588046
Rifle:WeaponActionA,1972420520
Rifle:WeaponActionB,1972420567
Rifle:WeaponAction,982056983
Rifle:SuperDashAttack_dmg,3984623854
Rifle:SuperDashAttack_pb,20496706
Rifle:SuperDashAttack,1433140627
Rifle:GrideAttack_dmg,1075168217
Rifle:GrideAttack_pb,2283745710
Rifle:GrideAttack,3148675646
Rifle:GrideAttackStrong_dmg,4293970941
Rifle:GrideAttackStrong_AddAllReactionValue,1980049069
Rifle:GrideAttackStrong_SyncRegion,886483703
Rifle:GrideAttackStrong_pb,683381476
Rifle:GrideAttackStrong,2459738684
Rifle:PB,2103034613
Rifle:PA1A,220056925
RiflePa1Add,#NUM!
Rifle:PA1ExAc,3986775256
Rifle:PA1Bc,3857680687
Rifle:PA1Ba,3857680685
Rifle:PA1B,220056924
Rifle:PA1,1856464211
Rifle:PA1ExAb,3986775259
Rifle:PA1ExAbb,2891338954
Rifle:PA1ExAbc,2891338953
Rifle:PA1Ex,3857707136
Rifle:PA1CA1,3059727285
Rifle:PA1CA2,3059727284
Rifle:PA1CA3,3059727287
Rifle:PA1CA4,3059727286
Rifle:PA1CA5,3059726921
RiflePa1cAdd,2837316826
Rifle:PA1CExAc,2580991820
Rifle:PA1CBa1,3588352631
Rifle:PA1CBa2,3588352624
Rifle:PA1CBa3,3588352625
Rifle:PA1CBa4,3588352626
Rifle:PA1CBa5,3588352627
Rifle:PA1CBb1,3588352438
Rifle:PA1CBb2,3588352433
Rifle:PA1CBb3,3588352432
Rifle:PA1CBb4,3588352435
Rifle:PA1CBb5,3588352434
Rifle:PA1CB1,3059727348
Rifle:PA1CB2,3059727349
Rifle:PA1CB3,3059727350
Rifle:PA1CB4,3059727351
Rifle:PA1CB5,3059727240
Rifle:PA1C1,3857707193
Rifle:PA1C2,3857707192
Rifle:PA1C3,3857707199
Rifle:PA1C4,3857707198
Rifle:PA1C5,3857707197
Rifle:PA1C,220056899
Rifle:PA1CExA,3588363125
Rifle:PA1CExB,3588363124
Rifle:PA1CExC,3588363127
Rifle:PA1CEx,3059726601
Rifle:PA2Shot,3583055146
Rifle:PA2_1,3857675589
Rifle:PA2_2,3857675588
Rifle:PA2_3,3857675595
Rifle:PA2_4,3857675594
Rifle:PA2_5,3857675593
Rifle:PA2A1,3857678304
Rifle:PA2A2,3857678307
Rifle:PA2A3,3857678306
Rifle:PA2A4,3857678333
Rifle:PA2A5,3857678332
Rifle:PA2B1,3857677859
Rifle:PA2B2,3857677856
Rifle:PA2B3,3857677857
Rifle:PA2B4,3857677886
Rifle:PA2B5,3857677887
Rifle:PA2C1,3857677922
Rifle:PA2C2,3857677921
Rifle:PA2C3,3857677920
Rifle:PA2C4,3857677951
Rifle:PA2C5,3857677950
Rifle:PA2,1856464220
Rifle:PA3A,220057548
Rifle:PA3_finishA,3603177922
Rifle:PA3B,220057551
Rifle:PA3_finishB,3603177923
Rifle:PA3C,220057550
Rifle:PA3_finishC,3603177924
Rifle:PA3,1856464221
Rifle:PA3_finish,1533172128
Rifle:GrenadeA,377359780
Rifle:GrenadeB,377359779
Rifle:GrenadeC,377359778
Rifle:Grenade,3832220455
Rifle:GrenadePeakyA,3458082740
Rifle:GrenadePeakyB,3458082741
Rifle:GrenadePeakyC,3458082742
Rifle:GrenadePeaky,3065193224
Rifle:TrapA,3510088040
Rifle:TrapB,3510088041
Rifle:TrapC,3510088046
Rifle:Trap,217140418
Rifle:TrapPeakyA,3954427109
Rifle:TrapPeakyB,3954427108
Rifle:TrapPeakyC,3954427111
Rifle:TrapPeaky,4243033033
Rifle:SGA,1856461652
Rifle:SG,2103034557
Rifle:WB_Vibration,3698232039
Rifle:WeakBulletA,278185946
Rifle:WeakBulletB,278185945
Rifle:WeakBulletC,278185944
Rifle:WeakBulletD,278185943
Rifle:WeakBulletE,278185942
Rifle:WeakBullet,2602189295
Rifle:PA4A,220057487
Rifle:SGPlusA,2384084937
Rod:A1b,3157319377
Rod:A1a,3157319376
Rod:A1,#NUM!
Rod:S1b,3157418348
Rod:S1a,3157418339
Rod:S1,2575594996
Rod:Sc1b,1704927791
Rod:Sc1a,1704927790
Rod:Sc1,3157371536
Rod:SuperDashAttack_dmg,2415552920
Rod:SuperDashAttack_pb,3657770950
Rod:SuperDashAttack,2409623689
Rod:GrideAttack_dmg,1445015471
Rod:GrideAttack_pb,3816359600
Rod:GrideAttack,271093043
Rod:GrideAttackStrong_dmg,303749875
Rod:GrideAttackStrong_AddAllReactionValue,1791889503
Rod:GrideAttackStrong_SyncRegion,647379736
Rod:GrideAttackStrong_pb,1184019068
Rod:GrideAttackStrong,468172880
Rod:WeaponActionHealPpA,3419680006
Rod:WeaponActionRecast,1470453855
Rod:WeaponActionHealPp,3436598693
Rod:WeaponActionSuccessDodgeRemove,108228495
Rod:WeaponActionSuccessBuffRemove,2578876738
Rod:PhotonBlasta,411710887
Rod:PhotonBlast2a,3731704155
Rod:PhotonBlast,2947835646
Rod:PhotonBlast2,411710932
Talis:NA1_Damage,4250921132
Talis:NA2_Damage,1243293635
Talis:NA3_Damage,1559752518
Talis:NA1_TalisTecBurst,1954070421
Talis:NA2_TalisTecBurst,812508457
Talis:NA3_TalisTecBurst,1871666849
Talis:NA1_PP,1081411783
Talis:NA2_PP,1074389729
Talis:NA3_PP,1081985876
Talis:NA1,1188323293
Talis:NA2,1188323290
Talis:NA3,1188323291
Talis:StepAttack_Damage,766391400
Talis:StepCounter_Damage,237633212
Talis:StepAttack_TalisTecBurst,1590728057
Talis:StepCounter_TalisTecBurst,2113899559
Talis:StepAttack_PP,1322983413
Talis:StepCounter_PP,3813994773
Talis:StepAttack,1256102983
Talis:StepCounter,3101978872
Talis:SuperDashAttack_Damage,1690357427
Talis:SuperDashAttack_PP,4018413268
Talis:SuperDashAttack,2438950821
Talis:GrideAttack_dmg,3427348383
Talis:GrideAttack_pb,2382364242
Talis:GrideAttack,3970922849
Talis:GrideAttackStrong_dmg,#NUM!
Talis:GrideAttackStrong_AddAllReactionValue,1664941126
Talis:GrideAttackStrong_SyncRegion,428556551
Talis:GrideAttackStrong_pb,1229273761
Talis:GrideAttackStrong,1025194069
Talis:WeaponActionTs_Damage,2267093562
Talis:WeaponActionOther_Damage,1615373728
Talis:WeaponActionTs_TalisTecBurst,2592899966
Talis:WeaponActionOther_TalisTecBurst,1251200496
Talis:WeaponActionTs_PP,501732708
Talis:WeaponActionOther_PP,3345734834
Talis:WeaponActionTs,1104305665
Talis:WeaponActionOther,447876775
Talis:WeaponActionIfWeapon,#NUM!
Talis:WeaponAction,430642793
Talis:WeaponActionAnotherTs_Damage,1570969358
Talis:WeaponActionAnotherOther_Damage,3568061456
Talis:WeaponActionAnotherTs_TalisTecBurst,149155432
Talis:WeaponActionAnotherOther_TalisTecBurst,1210640990
Talis:WeaponActionAnotherTs_PP,182427010
Talis:WeaponActionAnotherOther_PP,114712805
Talis:WeaponActionAnotherTs,946652352
Talis:WeaponActionAnotherOther,692492298
Talis:WeaponActionAnotherIfWeapon,2202248391
Talis:WeaponActionAnother,#NUM!
Talis:PhotonBlastTornado_Damage,419389256
Talis:PhotonBlastFinish_Damage,1580581437
Talis:PhotonBlastTornado,876103229
Talis:PhotonBlastFinish,3458471176
Talis:TecBurst_Damage,744958632
Talis:TecBurst_PP,3848707343
Talis:TecBurst,2358256735
Talis:PA1_Damage,2690214533
Talis:PA1_TalisTecBurst,3159916921
Talis:PA1_pb,3392258595
Talis:PA1,1188331071
Talis:PA1Foie_Damage,3265300988
Talis:PA1Barta_Damage,3529579672
Talis:PA1Zonde_Damage,886310252
Talis:PA1Foie_TalisTecBurst,886847353
Talis:PA1Barta_TalisTecBurst,1749547546
Talis:PA1Zonde_TalisTecBurst,4257516240
Talis:PA1Foie,2489739006
Talis:PA1Barta,1901052180
Talis:PA1Zonde,412272281
Talis:PA1Tec_IfAttribute,716879162
Talis:PA1Tec,3392471172
Talis:PA2Swing_Damage,3815500362
Talis:PA2Around_Damage,1061519318
Talis:PA2Swing_TalisTecBurst,3889097691
Talis:PA2Around_TalisTecBurst,725042774
Talis:PA2Swing_pb,1030989283
Talis:PA2Around_pb,236502351
Talis:PA2Swing,4210706849
Talis:PA2Around,2346153487
Talis:PA2SwingFoie_Damage,195913283
Talis:PA2SwingBarta_Damage,4208155368
Talis:PA2SwingZonde_Damage,3788760554
Talis:PA2AroundFoie_Damage,568197865
Talis:PA2AroundBarta_Damage,#NUM!
Talis:PA2AroundZonde_Damage,67313125
Talis:PA2SwingFoie_TalisTecBurst,357698182
Talis:PA2SwingBarta_TalisTecBurst,681034007
Talis:PA2SwingZonde_TalisTecBurst,3209593766
Talis:PA2AroundFoie_TalisTecBurst,#NUM!
Talis:PA2AroundBarta_TalisTecBurst,1787113020
Talis:PA2AroundZonde_TalisTecBurst,1009404028
Talis:PA2SwingFoie,918948760
Talis:PA2SwingBarta,1774587152
Talis:PA2SwingZonde,972856139
Talis:PA2AroundFoie,#NUM!
Talis:PA2AroundBarta,920560613
Talis:PA2AroundZonde,249023601
Talis:PA2SwingTec_IfAttribute,3864633684
Talis:PA2AroundTec_IfAttribute,2164249414
Talis:PA2SwingTec,1031391182
Talis:PA2AroundTec,236644572
TechterShiftaDebandHitEffect,3866421072
TechterShiftaDebandOrder,4139528381
TechterExtendAssistBuff,2850715363
TechterShiftaStrikeBuff,3287868262
TechterShiftaAdvanceBuff,1160171565
TechterDebandCutBuff,1885911342
TechterDebandPpReStraightBuff,3677418533
TechterShiftaDebandMultiA,3315842246
TechterShiftaDebandMulti,281810085
TechterShiftaDebandBuff,1873636309
TechterShiftaDebandHitEffectSelf,876554908
TechterShiftaDebandBuffSelf,#NUM!
TechterShiftaDebandShot,1877802539
TechterShiftaDebandHTP,1238933940
TechterShiftaDebandSCA,1238777098
TechterShiftaDeband,773067678
TechterWandGuardAssistYellBuff,4166873386
TechterWandGuardAssistYellShot,4170462089
TechterWandGuardAssistYellHTP,1407612904
TechterWandGuardAssistYellSCA,1407270776
TechterWandGuardAssistYell,4095743824
TechterWandLoversEffect,641315944
TechterWandLoversBuff,887735899
TechterWandLovers,3756606384
TechterWandGuardAssistYellRecast,290673451
Foie1A,2875245395
Foie1A2,169917484
Foie2A,2875245202
Foie1B,2875245404
Foie1B2,169886366
Foie2B,2875245213
Foie1,1887844276
Foie12,2875245420
Foie2,1887844277
FoieMegidoA,1671704953
Barta2D1AA,4023403443
Barta2D2AA,4023497568
Barta2D1AP,4023403458
Barta2D2AP,4023497585
Barta2D1B,2596316431
Barta2D2B,2596316620
Barta2D1,2503062698
Barta2D2,2503062697
Barta1D,266516229
Barta1E,266516250
Barta1A2,2503958058
Barta1A,266516230
Barta2A,266505314
Barta1B,266516231
Barta2B,266505325
Barta1C,266516228
Barta2C,266505324
Barta1,2810261322
Barta2,2810261365
Zonde1CCon,3701145271
Zonde0CCon,1112952303
Zonde1DCon,3699812258
Zonde0DCon,1112718840
Zonde1ACon1,586700948
Zonde1ACon,3701730557
Zonde0Con1,1112620217
Zonde0Con,3335675203
Zonde1A,1715327776
Zonde0A,1715324748
Zonde2AA,554054867
Zonde2CAA,3372232479
Zonde2C2AA,3649074694
Zonde01A,554032789
Zonde1B,1715327777
Zonde0B,1715324747
Zonde2B,1715327968
Zonde2CB,554054736
Zonde2C2B,3372229451
Zonde01B,554032790
Zonde1,3939502456
Zonde0,3939502407
Zonde2,3939502457
Zonde2C,1715327971
Zonde2C2,554054720
Zonde01,1715324092
ZondeZanA,3332081774
ZondeZanFinishA,252911830
Resta,133627706
ForceAreaHeal,728973205
IfCondition_ForceAreaHeal,3186321072
RestaAnti,2942092240
Gifoie1A,46933754
Gifoie2AA,#NUM!
Gifoie1B,46933755
Gifoie2B,46933562
Gifoie1,704664474
Gifoie2,704664475
Gibarta2D1AA,3474116240
Gibarta2D2AA,3474215492
Gibarta2D1AP,3474116257
Gibarta2D2AP,3474215477
Gibarta2D1B,4184313740
Gibarta2D2B,4184312318
Gibarta2D1,3975187859
Gibarta2D2,3975187868
Gibarta1E,4241185334
Gibarta1F,4241185333
Gibarta1A2,3968566467
Gibarta1A,4241185338
Gibarta2A,4241180153
Gibarta1B,4241185337
Gibarta2B,4241180154
Gibarta1C,4241185336
Gibarta2C,4241180155
Gibarta1D,4241185335
Gibarta2D,4241180148
Gibarta1,4105464431
Gibarta2,4105464428
Gizonde1CC,3022215709
Gizonde1DC,3022218718
Gizonde1AC1,1614450974
Gizonde1AC,3022218896
Gizonde1A,71596560
Gizonde2A,71597142
Gizonde2CA,3022246728
Gizonde2C2A,1612093001
Gizonde1B,71596575
Gizonde2B,71597143
Gizonde2CB,3022246729
Gizonde1,1722554295
Gizonde2,1722554288
Gizonde2C,71597144
Gizonde2C2,3022246745
Gizan1B,3485405776
Gizan2B,3485405971
Zan2B,521243413
TDagger:NormalAttack1_dmg,2970685532
TDagger:NormalAttack2_dmg,1263259542
TDagger:NormalAttack3_dmg,2973574472
TDagger:NormalAttack5_dmg,2944234553
TDagger:NormalAttack1_pb,2177425286
TDagger:NormalAttack2_pb,2150950571
TDagger:NormalAttack3_pb,2177444364
TDagger:NormalAttack5_pb,2176865125
TDagger:NormalAttack1,656727933
TDagger:NormalAttack2,656727932
TDagger:NormalAttack3,656727935
TDagger:NormalAttack5,656727921
TDagger:SpinCounter_dmg_v,186296297
TDagger:Spin_dmg,3197845839
TDagger:SpinCounter_dmg,1835571336
TDagger:Spin_pb,930563602
TDagger:SpinCounter_pb,457477359
TDagger:Spin,2643586868
TDagger:SpinCounter,295276863
TDagger:WeaponGuardSuccess,1345780105
TDagger:WeaponGuardSuccessRemove,4091112629
TDagger:StepAttack_dmg,607589003
TDagger:StepCounter_dmg,845835077
TDagger:StepAttack_pb,4022806077
TDagger:StepCounter_pb,1455623611
TDagger:StepAttack,3414761252
TDagger:StepCounter,3350561714
TDagger:SuperDashAttack_Damage,17903141
TDagger:SuperDashAttack_PP,1206880332
TDagger:SuperDashAttack,1820247557
TDagger:GrideAttack_Damage,2139767463
TDagger:GrideAttack_pb,2391254398
TDagger:GrideAttack,3559353689
TDagger:GrideAttackStrong_Damage,1417652184
TDagger:GrideAttackStrong_AddAllReactionValue,154413334
TDagger:GrideAttackStrong_SyncRegion,2743954254
TDagger:GrideAttackStrong_pb,1978058185
TDagger:GrideAttackStrong,1601314969
TDagger:Derive_dmg,2504543510
TDagger:Derive_pb,2499339989
TDagger:Derive,2195490223
TDagger:PA1A_dmg,3156378144
TDagger:PA1B_dmg,1433301036
TDagger:PA1C_dmg,3016978374
TDagger:PA1D_dmg,3033918592
TDagger:PA1A_pb,3101783213
TDagger:PA1B_pb,3095791107
TDagger:PA1C_pb,3103405758
TDagger:PA1D_pb,3103708345
TDagger:PA1A,3214068453
TDagger:PA1B,3214068450
TDagger:PA1C,3214068451
TDagger:PA1D,3214068448
TDagger:PA2A_dmg,2019931991
TDagger:PA2B_dmg,186234693
TDagger:PA2C_dmg,2118938061
TDagger:PA2A_pb,3151655561
TDagger:PA2B_pb,3146638951
TDagger:PA2C_pb,3152143330
TDagger:PA2A,3214068390
TDagger:PA2B,3214068385
TDagger:PA2C,3214068384
TDagger:PA3A_dmg,3345633438
TDagger:PA3B_dmg,818344974
TDagger:PA3A_pb,3133343089
TDagger:PA3B_pb,3136614931
TDagger:PA3A,3214068327
TDagger:PA3B,3214068320
TDagger:PB_A_v,4283998521
TDagger:PB_A,3214070193
TDagger:PB_B,3214070192
TDagger:PB_Finish,3945629800
TDagger:AltDerive_dmg,1124318604
TMachineGun:NormalAttack1_Damage,1219114054
TMachineGun:NormalAttack2_Damage,2863182160
TMachineGun:NormalAttack3_Damage,3361400563
TMachineGun:NormalAttack1_PP,868232063
TMachineGun:NormalAttack2_PP,868495410
TMachineGun:NormalAttack3_PP,868731797
TMachineGun:NormalAttack1,274308104
TMachineGun:NormalAttack2,274308105
TMachineGun:NormalAttack3,274308106
TMachineGun:SRollLow_Damage,1363144606
TMachineGun:SRollHigh_Damage,4172769813
TMachineGun:SRollLow_PP,2114000880
TMachineGun:SRollHigh_PP,2488772763
TMachineGun:SRollLow,358968967
TMachineGun:SRollHigh,3925740333
TMachineGun:SRollChainLow_Damage,3997261869
TMachineGun:SRollChainHigh_Damage,3479608129
TMachineGun:SRollChainLow_PAFlagSet,2545173609
TMachineGun:SRollChainHigh_PAFlagSet,1359212252
TMachineGun:SRollChainLow,37990211
TMachineGun:SRollChainHigh,757531994
TMachineGun:SRollPushNaLowShotL,4167446262
TMachineGun:SRollPushNaLowShotR,4167446220
TMachineGun:SRollPushNaHighShotL,2426620846
TMachineGun:SRollPushNaHighShotR,2426620836
TMachineGun:SRollPushPaLowShotL,79513254
TMachineGun:SRollPushPaLowShotR,79513256
TMachineGun:SRollPushPaHighShot,2684772026
TMachineGun:SRollPushNaLowShot,287047017
TMachineGun:SRollPushNaLow,3689960218
TMachineGun:SRollPushNaHighShot,1829822345
TMachineGun:SRollPushNaHigh,168433079
TMachineGun:SRollPushPaLowShot,3626070403
TMachineGun:SRollPushPaLow,3586324544
TMachineGun:SRollPushPaHigh,2441585643
TMachineGun:SRollPushRecast,1074093360
TMachineGun:SRollPushRecastRemove,2161392322
TMachineGun:CounterPABurstEnable,4227583053
TMachineGun:CounterPABurstDisable,2049683777
TMachineGun:WeaponActionN_Damage,2809899398
TMachineGun:WeaponActionN,390204570
TMachineGun:StepAttack_Damage,93320424
TMachineGun:StepCounter_Damage,3007525986
TMachineGun:StepAttack_PP,1673057545
TMachineGun:StepCounter_PP,3587622808
TMachineGun:StepAttack,1392178663
TMachineGun:StepCounter,3228709134
TMachineGun:SuperDashAttack_Damage,4037556903
TMachineGun:SuperDashAttack_PP,864468146
TMachineGun:SuperDashAttack,4234153177
TMachineGun:GrideAttack_Damage,2762069889
TMachineGun:GrideAttack_pb,326706167
TMachineGun:GrideAttack,1999633365
TMachineGun:GrideAttackStrong_Damage,2519730440
TMachineGun:GrideAttackStrong_AddAllReactionValue,626198175
TMachineGun:GrideAttackStrong_SyncRegion,3030339144
TMachineGun:GrideAttackStrong_pb,3131509186
TMachineGun:GrideAttackStrong,192820017
TMachineGun:PhotonBlast,2860047050
TMachineGun:PhotonBlastFinish,3269870698
TMachineGun:PA1Shoot_Damage,518930684
TMachineGun:PA1Chase_Damage,3383365719
TMachineGun:PA1Finish_Damage,424357977
TMachineGun:PA1Shoot_Pb,3260056393
TMachineGun:PA1Chase_Pb,3735237437
TMachineGun:PA1Finish_Pb,1702089483
TMachineGun:PA1Shoot,673496288
TMachineGun:PA1Chase,943212026
TMachineGun:PA1Finish,3779095093
TMachineGun:PA1C_Shoot_Damage,1339242396
TMachineGun:PA1C_Chase_Damage,3829155443
TMachineGun:PA1C_Finish_Damage,2450724076
TMachineGun:PA1C_FinishAdd_Damage,2526961073
TMachineGun:PA1C_Shoot_Pb,377429105
TMachineGun:PA1C_Chase_Pb,1047354975
TMachineGun:PA1C_Finish_Pb,408030370
TMachineGun:PA1C_Shoot,1237440006
TMachineGun:PA1C_Chase,2784036493
TMachineGun:PA1C_Finish,2591909212
TMachineGun:PA2ShootA_Damage,2841137745
TMachineGun:PA2Impact_Damage,3838502851
TMachineGun:PA2ShootB_Damage,884240955
TMachineGun:PA2Finish_Damage,355192131
TMachineGun:PA2ShootA_Pb,385563202
TMachineGun:PA2Impact_Pb,2983234045
TMachineGun:PA2ShootB_Pb,385813037
TMachineGun:PA2Finish_Pb,335752899
TMachineGun:PA2ShootA,3714528379
TMachineGun:PA2Impact,903615456
TMachineGun:PA2ShootB,3714528376
TMachineGun:PA2Finish,3839168599
TMachineGun:PA2C_ShootA_Damage,#NUM!
TMachineGun:PA2C_Impact_Damage,4227667518
TMachineGun:PA2C_ShootB_Damage,2783964444
TMachineGun:PA2C_Finish_Damage,3770607965
TMachineGun:PA2C_ShootA_Pb,2942552078
TMachineGun:PA2C_Impact_Pb,429958945
TMachineGun:PA2C_ShootB_Pb,2917013067
TMachineGun:PA2C_Finish_Pb,3905817926
TMachineGun:PA2C_ShootA,1454021962
TMachineGun:PA2C_Impact,1277222566
TMachineGun:PA2C_ShootB,1454021963
TMachineGun:PA2C_Finish,460788509
TMachineGun:PA3Shoot1_Damage,1635570364
TMachineGun:PA3Shoot2_Damage,641545225
TMachineGun:PA3Shoot1_Pb,1514453194
TMachineGun:PA3Shoot2_Pb,1515751391
TMachineGun:PA3Shoot1,3798737698
TMachineGun:PA3Shoot2,3798737699
TMachineGun:PA3C_Shoot1_Damage,788299278
TMachineGun:PA3C_Shoot2_Damage,3991509943
TMachineGun:PA3C_Shoot1_Pb,370086684
TMachineGun:PA3C_Shoot2_Pb,362042553
TMachineGun:PA3C_Shoot1,1460595613
TMachineGun:PA3C_Shoot2,1460595612
TMachineGun:PA3InertiaRemove_NoTarget,2037825941
TMachineGun:PA3InertiaRemove,3904113162
TMachineGun:InfinityFireFinish_Damage,932830942
TMachineGun:PA4C_Shoot_Damage,4096036732
TMachineGun:InfinityFire_Damage,1680110477
TMachineGun:SrollCounterBullet_Damage,3291107866
TMachineGun:PA1FinishAdd_Damage,1249979515
TMachineGun:PA4Shoot_Damage,2315994841
Wand:WandExplosionF_dmg,3654112755
Wand:WandExplosionI_dmg,2527812215
Wand:WandExplosionT_dmg,2780511451
Wand:WandExplosionN_dmg,3061784038
Wand:WandExplosionF,4043251256
Wand:WandExplosionI,4043251259
Wand:WandExplosionT,4043251246
Wand:WandExplosionN,4043251232
Wand:WandExplosionF_Strong_dmg,3517914999
Wand:WandExplosionI_Strong_dmg,666874865
Wand:WandExplosionT_Strong_dmg,107157479
Wand:WandExplosionN_Strong_dmg,15300274
Wand:WandExplosionF_Strong,3628136293
Wand:WandExplosionI_Strong,3484314880
Wand:WandExplosionT_Strong,832661367
Wand:WandExplosionN_Strong,881471991
Wand:WandExplosionAny,1671048706
Wand:WandExplosionAnyReset,2965833444
Wand:AddShotFire,88657839
Wand:AddShotIce,2335618642
Wand:AddShotThunder,339446939
Wand:AddShotNone,99107434
Wand:AddShotFire_Strong,1013723781
Wand:AddShotIce_Strong,829471310
Wand:AddShotThunder_Strong,1869819415
Wand:AddShotNone_Strong,4264651654
Wand:AddShotFire_Reflect,975613088
Wand:AddShotIce_Reflect,3009850087
Wand:AddShotThunder_Reflect,1287187876
Wand:AddShotNone_Reflect,508812864
Wand:AttributeCheckIA,587613520
Wand:AttributeCheckIA_Strong,3287106036
Wand:AttributeCheckIA_Reflect,4174827077
Wand:AttributeCheck,1356211930
Wand:AttributeCheck_Strong,3877827785
Wand:AttributeCheck_Reflect,795854409
Wand:GA1b,1775819901
Wand:GA2b,1775820734
Wand:GA3b,1775820799
Wand:GA1a,1775819900
Wand:GA2a,1775820735
Wand:GA3a,1775820798
Wand:GA1,3410384360
Wand:GA2,3410384363
Wand:GA3,3410384362
Wand:GA4_1b,942891160
Wand:GA4_2b,942892754
Wand:SA1b,1777037263
Wand:SA1a,1777037248
Wand:SA1,3410400119
Wand:SCAb,1777763941
Wand:SCAa,1777763940
Wand:SCA,3410402290
Wand:WeaponActionGuardSuccess,2623658618
Wand:WeaponActionSuccessRemove,4018313479
Wand:ParryCounterShotB,785608404
Wand:ParryCounterB,3403903995
Wand:ParryCounter2B,1127096926
Wand:ParryCounterB_v,966961367
Wand:ParryCounter2B_v,799718650
Wand:ParryCounterShotA,785608405
Wand:ParryCounterA,3403903994
Wand:ParryCounter2A,1127096927
Wand:ParryCounterShot,761833609
Wand:ParryCounter,1674053632
Wand:ParryCounter2,3403903979
Wand:SuperDashAttack_dmg,878653834
Wand:SuperDashAttack_pb,1327883918
Wand:SuperDashAttack,3165411035
Wand:GrideAttack_dmg,1808986436
Wand:GrideAttack_pb,647342820
Wand:GrideAttack,1504536284
Wand:GrideAttackStrong_dmg,293485554
Wand:GrideAttackStrong_AddAllReactionValue,2926662469
Wand:GrideAttackStrong_SyncRegion,2656216696
Wand:GrideAttackStrong_pb,3969007328
Wand:GrideAttackStrong,3177372651
Wand:PA1b,1770469728
Wand:PA1ChargeB,3027256165
Wand:PA1a,1770469735
Wand:PA1ChargeA,3027256164
Wand:PA1,3410420388
Wand:PA1Charge,3528313458
Wand:PA2b,1770470947
Wand:PA2b_2,3301009912
Wand:PA2a,1770470948
Wand:PA2a_2,3301014217
Wand:PA2,3410420391
Wand:PA2_2,1945103570
Wand:PhotonBlast_v,3523496244
Wand:PhotonBlast_a,3523496223
Wand:PhotonBlast_fa,2177801287
Wand:PhotonBlast,4055156687
Wand:PhotonBlast_finish,947490257
Wand:ElementPergeIa,3104509473
Wand:WandExplosionI_Strong2_dmg,437040837
Wand:WandExplosionN_Strong2_dmg,2896665249
Wand:WandExplosionL_dmg,2907370440
BartaGrantzFinishA,3089398264
BartaGrantzA,630021798
Grantz1A,2268134052
Grantz2FinishA,4004473938
Grantz2A,2268134247
Grantz2Add1A,465623662
WLance:GA1A,1667827842
WLance:GA2A,1667827907
WLance:GA3A,1667827712
WLance:GA4A,1667827777
WLance:GA1B,1667827853
WLance:GA2B,1667827916
WLance:GA3B,1667827727
WLance:GA4B,1667827790
WLance:GA1,3158807797
WLance:GA2,3158807796
WLance:GA3,3158807799
WLance:GA4,3158807798
WLance:AA1A,1654717231
WLance:AA2A,1654716521
WLance:AA3A,1654716584
WLance:AA4A,1654717419
WLance:AA1B,1654717228
WLance:AA2B,1654716520
WLance:AA3B,1654716585
WLance:AA4B,1654717418
WLance:AA1,3158734302
WLance:AA2,3158734297
WLance:AA3,3158734296
WLance:AA4,3158734299
WLance:StepAttackA,3289239132
WLance:StepAttackFinishA,2578117639
WLance:StepAttackB,3289239131
WLance:StepAttackFinishB,2578117636
WLance:StepAttack,619043975
WLance:StepAttackFinish,4263981566
WLance:StepCounterA,2271631148
WLance:StepCounterFinishA,1792454405
WLance:StepCounterB,2271631149
WLance:StepCounterFinishB,1792454402
WLance:StepCounter,1216027688
WLance:StepCounterFinish,1904406694
WLance:SuperDashAttack_dmg,3887678954
WLance:SuperDashAttack_pb,3190772774
WLance:SuperDashAttack,1611293976
WLance:GrideAttack_dmg,2996939833
WLance:GrideAttack_pb,3730619040
WLance:GrideAttack,3917044579
WLance:GrideAttackStrong_dmg,3569752582
WLance:GrideAttackStrong_AddAllReactionValue,2944713659
WLance:GrideAttackStrong_SyncRegion,1971808295
WLance:GrideAttackStrong_pb,2006774212
WLance:GrideAttackStrong,3738921011
WLance:WeaponGuardSuccess,1100462830
WLance:WeaponGuardSuccessRemove,836217082
WLance:WAFrontA,362180748
WLance:WABackA,2548813656
WLance:WAFrontB,362180749
WLance:WABackB,2548813659
WLance:WAFront,2603007634
WLance:WABack,541431277
WLance:WASpinNormalA,1030614606
WLance:WASpinNormalFinishA,3561289809
WLance:WASpinHighA,4019687099
WLance:WASpinHighFinishA,4253229195
WLance:WASpinNormalB,1030614605
WLance:WASpinNormalFinishB,3561289810
WLance:WASpinHighB,4019687098
WLance:WASpinHighFinishB,4253229192
WLance:WASpinNormal,699458911
WLance:WASpinNormalFinish,413277068
WLance:WASpinHigh,1411504539
WLance:WASpinHighFinish,2329522862
WLance:PhotonBlast1_v,210766975
WLance:PhotonBlast1,2682145190
WLance:PhotonBlast3,2682145188
WLance:PhotonBlastFinish,3659657138
WLance:PA11A,4083089500
WLance:PA1FinishA,796032637
WLance:PA11B,4083089503
WLance:PA1FinishB,796032634
WLance:PA11,1667542045
WLance:PA1Finish,2481298438
WLance:PA21A,4082643757
WLance:PA22A,4082643819
WLance:PA2FinishA,1987438130
WLance:PA21B,4082643758
WLance:PA22B,4082643818
WLance:PA2FinishB,1987438131
WLance:PA21,1667543004
WLance:PA22,1667543003
WLance:PA2Finish,718224954
WLance:PA31A,4083114110
WLance:PA32A,4083115960
WLance:PA3FinishA,2406227319
WLance:PA31B,4083114109
WLance:PA32B,4083115961
WLance:PA3FinishB,2406227318
WLance:PA31,1667542175
WLance:PA32,1667542168
WLance:PA3Finish,1419884299
WLance:PA41a,4083093743
WLance:PA41b,4083093740
WLance:PA41,1667542110
WLance:PA42a,4083095337
WLance:PA42b,4083095336
WLance:PA42,1667542105
WLance:PA4Finisha,960689857
WLance:PA4Finishb,960689856
WLance:PA4Finish,2116455801

Normal Attack (Takt),4243850162,Ranged,Takt 3rd hit
Normal Attack (Takt),4237824855,Ranged,Takt 2nd hit
Normal Attack (Takt),3293238063,Ranged,Takt 1st hit
Charged Attack (Takt),1610260000,Ranged,Charged Attack (Takt)
Photon Blast Finish? (Takt),256510301,Special,Photon Blast (Takt)
Photon Blast (Takt),2529659461,Special,Photon Blast (Takt-Last tick)
Wulfer Demolition,3993583925,PA,Wulfer Demolition (Tap Slam)
Wulfer Demolition,3568977375,PA,Wulfer Demolition (Tap)
Wulfer Demolition,915181521,PA,Wulfer Demolition (Hold DOT)
Wulfer Demolition,2704688019,PA,Wulfer Demolition (Hold Slam)
Wulfer Raid,2768641470,PA,Wulfer Raid (Rush)
Wulfer Raid,965223463,PA,Wulfer Raid (Rush Uppercut)
Wulfer Raid,387900284,PA,Wulfer Raid (Hold)
Wulfer Raid,488319134,PA,Wulfer Raid (Hold)
Wulfer Raid,2284858320,PA,Wulfer Raid (Forward Finisher)
Wulfer Raid,1149532858,PA,Wulfer Raid (Defensive Finisher)
Fredran Brace,2677133346,PA,Fredran Brace (Tap)
Fredran Brace,3077162338,PA,Fredran Brace (Hold)
Fredran Brace,3077162337,PA,Fredran Brace (Hold)
Fredran Brace,3077162336,PA,Fredran Brace (Hold)
Fredran Riding,792402501,PA,Fredran Riding (Tap)
Fredran Riding,2695635202,PA,Fredran Riding (Hold)
Marmelo Strike,1387141877,PA,Marmelo Strike (Uncharged)
Marmelo Strike,1385826416,PA,Marmelo Strike (Charged)
Marmelo Strike,707447985,PA,Marmelo Strike (Full)
Familiar Unison,1540969785,Special,Familiar Unison

Familiar Assist,775937979,Special,Familiar Assist (Wulfer)
Familiar Assist,177707844,Special,Familiar Assist (Fredran)
Blink Attack (Takt),1004778263,Ranged,Blink Attack (Takt-Forward)
Blink Attack (Takt),1964670950,Ranged,Blink Attack (Takt-Defensive)
Treble Clef Ignition,957611331,Special,Treble Clef Ignition
Counter-Attack (Takt),2750078879,Ranged,Counter-Attack (Takt)
Dash Attack (Takt),2770729930,Ranged,Dash Attack (Takt)
Takt:Unknown,791982994
Takt:Unknown2,2490590778

Katana:PhotonBlastFinish,1521592552
Katana:BraverCombat_Finish_Damage,459335021
Katana:CounterEdgeShot_Damage,3649445236
Katana:PaComboExAttack2_Damage,4270798164
Katana:BraverCombat_Finish_Vibration,2622434176
Katana:CounterExAttack3_Damage,1867362434
Katana:PhotonBlast2,4182652520
Katana:NormalAtk3_Damage,1110881512
Katana:NormalAtk1_Damage,2275117529
Katana:PaComboExAttack3_Damage,3203192933
Katana:CounterExAttack1_Damage,2228596829
Katana:PaComboExAttack1_Damage,3696636882
Katana:PA2C1_Damage,2044709382
Katana:StepAttack_Damage,2354632486
Katana:CounterExAttack2_Damage,194080357
Katana:PA1C_Damage,3576689349
Katana:PhotonBlast1,4182652527
Katana:BraverCombat_Damage,46435596
Katana:AmbitionAtk_Damage,587623156
Katana:PA4A_Damage,14652595
Katana:PA4C_Damage,379225221
Katana:PA1B_2_Damage,2520462319
Katana:PA1A_2_Damage,1075137512
Katana:PA1B_1_Damage,3239119060
Katana:NormalAtk2_Damage,4247190082
Katana:PA1A_1_Damage,3067557777
Katana:PA2A_Damage,2644304310
Katana:PA2B_Damage,2716894882
Katana:PA2C2_Damage,2565582336
Katana:PA3C_Damage,2043009493
Katana:PA3B_Damage,473567495
Katana:PA3A_Damage,1909007398
Katana:PA4B_Damage,1027196560
Katana:CounterEdge_Damage,3571730363
Katana:SuperDashAttack_Damage,1459138791
CompoundBow:SuperDashAttack_Damage,204653778
CompoundBow:PA1_Damage,2397691139
CompoundBow:PA3_Damage,3620082776
CompoundBow:NrmAtk_Damage,3955714901
CompoundBow:NrmAtkC_Exp_Damage,96671924
CompoundBow:PA1C1_Damage,2377320798
CompoundBow:PA2C_Damage,4268211449
CompoundBow:PA1C2_Damage,1029794925
CompoundBow:PA2_Exp_Damage,4093892440
CompoundBow:PA4C1_Damage,4074423805
CompoundBow:PA1C3_Damage,3112161779
CompoundBow:PA4CF_Damage,2103343499
CompoundBow:StepAttack_Damage,1839863653
CompoundBow:BraverCombat_Damage,1152204894
CompoundBow:PhotonBlast,3009591708
AdditionalSkillOneMoreJumpDmgA,3733910246
DBlade:AttackBase3ShotDmg,2148155372
DBlade:FullConnectDmg,2057762752
DBlade:PhotonBlast_2,2291235393
DBlade:PhotonBlast_1,2291235392
DualbladeGuardCounterPaAttackDmg,2694001483
DBlade:AttackBase1Dmg,258159824
DBlade:PA1_2Dmg,1524612506
DBlade:PA1Derive_2Dmg,4154743979
DBlade:AttackBase2Dmg,255911357
DBlade:PA1Derive_1Dmg,3300132027
DBlade:PA1_1Dmg,1523815527
DBlade:WeaponActionDmg,1368474069
DBlade:AttackBase3Dmg,172497376
DBlade:PA3DeriveDmg,3362004637
DBlade:PA3Dmg,3098360011
DBlade:GrideAttack_Damage,2215123508
JetBoots:Normal1_dmg,3279412789
JetBoots:JetAttack1_dmg,1721381811
JetBoots:JetAttack2_dmg,3587182709
JetBoots:PA3_A1_dmg,20774111
JetBoots:JetAttack4B_dmg,1259305858
JetBoots:JetAttack5_dmg,3624456735
JetBoots:ChaseLightAttack,2532693229
JetBoots:PB_dmg,3858062263
SnowBoard:BodyDash,777799768
Throw:IcicleAttackDamage,3395480515
Throw:LavaPillar2AttackDamage,439968007
GatlingGun:Railgun,1441821840
GatlingGun:Gun_Damage,1506171709
GatlingGun:StepAttack_Damage,129114619
GatlingGun:AttackJet,241073017
GunSlash:DashADmgShot,473789479
GunSlash:A1Dmg,310877244
GunSlash:A2Dmg,315314067
GunSlash:A3Dmg,315604454
GunSlash:PA1Move1Dmg,4091807287
GunSlash:PA1Move2Dmg,4047892368
GunSlash:PA2_1Dmg,329894544
GunSlash:PA2Move1Dmg,629003777
GunSlash:PA2Move3Dmg,640689591
GunSlash:PA3Dmg,678197092
GunSlash:PA3MoveDmg,218337163
GunSlash:PA4Move1Dmg,601371588
GunSlash:PA4Move2Dmg,595743099
GunSlash:PA4Move3Dmg,595992910
GunSlash:PA4Move4Dmg,598553215
GunSlash:PA4Move5Dmg,598286890
GunSlash:PA4KnockbackDmg,558956139
GunSlash:PA1Stay1Dmg,3337219651
GunSlash:PA1Stay3Dmg,3318682090
GunSlash:SA1Dmg,4276625711
GunSlash:WAMove1Dmg,1172974736
GunSlash:AQuickshotDmg,1538449385
GunSlash:HystericWeakDmg,1573063756
GunSlash:HystericStrongDmg,839164211
GunSlash:WAMoveCounter1Dmg,1610950415
GunSlash:WAMoveCounterA1Dmg,1279822705
GunSlash:WAMoveCounter2Dmg,1640701608
GunSlash:Active1Dmg_2,2471078457
GunSlash:Active1Dmg_3,2471078458
GunSlash:StepCounter,3245324803
GunSlash:StepCounterWAction,464525049
GunSlash:GunBladeFocusOverDriveFinish_1Dmg,2843846017
GunSlash:GunBladeFocusOverDriveFinish_2Dmg,2384271859
GunSlash:GunBladeFocusOverDriveFinish_3Dmg,2337879877
GunSlash:GunBladeFocusOverDriveFinish_4Dmg,3283650011
GunSlash:GunBladeFocusOverDriveFinish_5Dmg,2660664923
GunSlash:GunBladeFocusOverDriveFinish_6Dmg,760892505
GunSlash:PA2Stay_1st step_2Dmg,331193821
GunSlash:PA2Stay_1st step_3Dmg,330426330
GunSlash:PA2Stay_2nd step_1Dmg,318354999
GunSlash:PA2Stay_2nd step_2Dmg,329540359
GunSlash:PA2Stay_2nd step_3Dmg,3998683616
GunSlash:WAction1,2891215534
GunSlash:WAction2,2891033521
GunSlash:WAction3,2891825284
GunSlash:BladeCounter,1380084954
GunSlash:BladeCounterWAction_1Dmg,588349752
GunSlash:BladeCounterWAction_2Dmg,589144061
GunSlash:PhotonBlast_1Dmg,117483722
GunSlash:PhotonBlast_2Dmg,432932285
Mobile Cannon M2:Rapid Fire,2636092392
Mobile Cannon M2: Multi-Lock Missile,2315389215
Mobile Cannon M2: StepCounter,259100813
Mobile Cannon M2: Hyper Blaster,1681078042
Mobile Cannon M2: Hyper Blaster,4043018626
ForceReflectCounterShotLight,4055616774
gd_mog_ba:At_MagazineBurst,1419347929
r03_non_rob_b:BeamLv2,144811196